# Three Plummer clusters at the corners of a triangle, drifting inward. They
# fall together, interpenetrate, and merge into one relaxed cluster.
#
# format: name,mass,px,py,pz,vx,vy,vz,r,g,b[,radius]
@G=1.0
@softening=0.2
@dt=0.002
@timescale=2.0
@zeroMomentum=1
c0_0,2,5.79316,13.492,-2.10007,5.47284,2.66219,1.00375,1,0.6233,0.4116,0.12
c0_1,2,3.72255,18.9661,2.0117,1.29296,-0.852297,-4.81362,1,0.6788,0.4394,0.12
c0_2,2,-4.85677,4.30872,-19.1215,0.500985,-2.79643,1.86968,1,0.6,0.4,0.12
c0_3,2,0.237447,16.4939,-1.59793,2.8122,-1.92542,-7.7381,1,0.7316,0.4658,0.12
c0_4,2,-4.72762,14.5786,2.23763,3.24918,1.36028,4.57132,1,0.6732,0.4366,0.12
c0_5,2,0.533025,18.7716,0.0444155,-0.927158,-0.19576,3.32772,1,0.7248,0.4624,0.12
c0_6,2,-0.157727,10.7778,-1.27633,2.03488,3.94582,-1.28792,1,0.6567,0.4284,0.12
c0_7,2,1.89071,14.3814,2.08562,0.411933,-5.46814,0.576375,1,0.7329,0.4665,0.12
c0_8,2,2.85826,15.1454,3.25137,-0.119937,-8.0314,-1.10986,1,0.7078,0.4539,0.12
c0_9,2,-7.947,9.64999,3.66132,-2.63474,-4.39939,-1.12235,1,0.6,0.4,0.12
c0_10,2,1.27591,16.2748,-0.0821451,3.26623,-7.74242,-3.29794,1,0.7563,0.4781,0.12
c0_11,2,-1.50906,18.0164,7.46877,-2.64248,1.24868,1.15863,1,0.6284,0.4142,0.12
c0_12,2,-2.57622,21.6031,-6.02773,-2.5709,-2.54526,3.56889,1,0.6,0.4,0.12
c0_13,2,-4.0959,15.2915,1.946,-3.33578,-1.46831,2.43654,1,0.6939,0.4469,0.12
c0_14,2,1.42031,18.6279,-2.32442,-0.907396,2.55845,0.541431,1,0.6867,0.4434,0.12
c0_15,2,4.79181,15.6366,5.95721,-3.17424,-4.20146,-1.78112,1,0.6289,0.4144,0.12
c0_16,2,-3.79984,17.1148,2.77358,3.43326,-1.272,-7.39079,1,0.6923,0.4462,0.12
c0_17,2,-0.765177,14.1494,0.322906,4.15759,-4.42732,-4.09641,1,0.7465,0.4732,0.12
c0_18,2,2.4327,15.8403,4.39846,-2.38124,-0.896239,-2.68221,1,0.6971,0.4485,0.12
c0_19,2,0.0305233,14.3995,2.76073,-3.92388,-2.18367,-4.69144,1,0.742,0.471,0.12
c0_20,2,5.63634,15.1562,3.02354,2.10473,-0.290906,-1.18364,1,0.6495,0.4247,0.12
c0_21,2,-2.08362,12.7403,5.41203,4.62304,-2.32545,-7.49106,1,0.6548,0.4274,0.12
c0_22,2,0.0819532,16.3793,-0.578427,0.411125,-7.72637,6.31913,1,0.7574,0.4787,0.12
c0_23,2,2.08474,19.0265,0.742189,0.623977,-2.17923,2.71657,1,0.7077,0.4539,0.12
c0_24,2,1.68369,20.0978,4.07638,2.14489,-3.78552,-1.41254,1,0.6663,0.4332,0.12
c0_25,2,3.4902,12.5619,-3.79436,1.97745,3.23778,6.46996,1,0.6272,0.4136,0.12
c0_26,2,-1.16197,16.3563,1.49747,5.70191,2.52754,-3.66532,1,0.7679,0.4839,0.12
c0_27,2,-5.41549,18.8635,4.29036,-3.17507,-2.09323,0.517556,1,0.6271,0.4136,0.12
c0_28,2,-2.1435,11.3572,0.396036,-0.102318,-0.493491,-2.62482,1,0.671,0.4355,0.12
c0_29,2,0.156796,17.0526,-0.327273,3.80785,-5.09372,2.67172,1,0.7559,0.4779,0.12
c0_30,2,0.607481,13.3395,-0.905311,-0.476687,-6.18754,0.824426,1,0.7156,0.4578,0.12
c0_31,2,-0.625932,14.054,1.09481,0.295676,2.63135,5.68437,1,0.7489,0.4744,0.12
c0_32,2,0.724493,17.7443,-2.11711,3.52808,0.356623,-2.23675,1,0.7071,0.4536,0.12
c0_33,2,-4.33686,13.0921,6.28939,1.39663,-4.5173,-4.26603,1,0.6156,0.4078,0.12
c0_34,2,0.587758,15.0113,6.87063,3.65633,0.951818,-4.49816,1,0.6524,0.4262,0.12
c0_35,2,-3.06547,16.9406,2.80006,3.3561,-1.20993,-1.05106,1,0.709,0.4545,0.12
c0_36,2,2.81151,13.7147,2.75989,1.73436,-3.69617,9.17138,1,0.7002,0.4501,0.12
c0_37,2,-4.93034,16.0672,-3.98631,-2.20784,-4.12258,7.41109,1,0.6232,0.4116,0.12
c0_38,2,9.96478,8.68542,5.81498,3.18969,-4.20373,1.50357,1,0.6,0.4,0.12
c0_39,2,4.22609,15.8391,0.372245,-2.23228,1.86596,0.0610348,1,0.6928,0.4464,0.12
c0_40,2,-6.12212,17.7775,0.225571,3.35533,3.13556,-0.487351,1,0.6392,0.4196,0.12
c0_41,2,-2.05471,21.8633,3.24345,-0.497425,-0.136995,-2.98352,1,0.6355,0.4178,0.12
c0_42,2,4.36223,16.0176,2.55757,1.83533,-3.74341,-1.49664,1,0.6849,0.4424,0.12
c0_43,2,3.39171,20.9932,4.93182,-5.26819,-0.600239,-3.73478,1,0.621,0.4105,0.12
c0_44,2,-2.04213,13.6228,3.58031,-1.71921,-5.08684,0.41183,1,0.6998,0.4499,0.12
c0_45,2,-1.51429,12.5995,1.67075,-0.84367,1.04218,0.191009,1,0.7058,0.4529,0.12
c0_46,2,-1.34726,14.5954,1.34341,-4.97299,0.585557,6.04647,1,0.7509,0.4755,0.12
c0_47,2,-0.930144,18.2156,0.800452,-5.71635,2.1181,-1.19031,1,0.7395,0.4698,0.12
c0_48,2,1.21581,15.6673,1.23112,-2.04391,4.48667,1.39598,1,0.7683,0.4841,0.12
c0_49,2,2.22382,18.2883,1.15949,0.231771,-8.40803,-3.24001,1,0.7202,0.4601,0.12
c0_50,2,4.21631,16.1578,0.246661,1.314,-3.89051,-5.44932,1,0.6925,0.4462,0.12
c0_51,2,5.35108,19.7557,-1.22747,2.83655,-0.355646,-1.19694,1,0.6267,0.4133,0.12
c0_52,2,-0.531596,8.05759,4.04439,2.86767,-5.3282,1.69493,1,0.6,0.4,0.12
c0_53,2,3.33505,15.7725,-0.284196,-0.0889976,-1.56454,-9.46961,1,0.7097,0.4549,0.12
c0_54,2,0.381466,17.2916,-0.754045,6.51889,0.880627,-0.885838,1,0.7431,0.4715,0.12
c0_55,2,2.22789,15.7568,0.645755,4.76052,-7.30184,2.82025,1,0.7429,0.4715,0.12
c0_56,2,-4.21784,11.1426,0.203145,-6.3095,-3.40216,3.53771,1,0.6377,0.4188,0.12
c0_57,2,-2.24748,12.0577,-1.01814,5.98654,3.28941,3.19731,1,0.675,0.4375,0.12
c0_58,2,4.37541,16.777,0.405824,-0.400428,-0.333271,-5.86385,1,0.6876,0.4438,0.12
c0_59,2,-3.09371,13.0993,6.48126,-1.36022,0.19584,7.71428,1,0.6284,0.4142,0.12
c0_60,2,-7.03771,25.8373,1.15912,-1.69145,-4.01667,-5.57261,1,0.6,0.4,0.12
c0_61,2,-1.90673,19.0343,2.82967,-1.36793,-3.26318,3.25381,1,0.7003,0.4502,0.12
c0_62,2,-2.25633,12.4948,0.845684,2.01203,-4.19286,-7.49186,1,0.6956,0.4478,0.12
c0_63,2,1.19669,16.943,-0.999866,-1.9007,-2.44675,9.80136,1,0.7355,0.4678,0.12
c0_64,2,-2.31344,16.958,-0.344952,1.17256,-4.26143,-2.85483,1,0.728,0.464,0.12
c0_65,2,-7.03235,12.0117,-5.2306,1.77764,-5.98566,-3.65624,1,0.6,0.4,0.12
c0_66,2,-11.5041,23.5023,-2.93789,-0.437213,-4.95348,-2.92333,1,0.6,0.4,0.12
c0_67,2,-15.1394,16.3639,5.57507,-3.36301,-2.79636,0.778217,1,0.6,0.4,0.12
c0_68,2,-1.08496,16.5314,-1.00771,0.596967,-4.38954,-4.74399,1,0.7397,0.4698,0.12
c0_69,2,0.282089,18.2996,-1.66302,6.37007,-3.99013,-4.62918,1,0.7102,0.4551,0.12
c0_70,2,-4.26606,1.88938,-7.36683,2.12913,0.284578,1.09251,1,0.6,0.4,0.12
c0_71,2,-0.223448,18.7184,5.21702,1.77744,0.632526,1.62989,1,0.6762,0.4381,0.12
c0_72,2,4.46567,13.6954,3.74098,1.03489,-2.20634,2.43086,1,0.6579,0.4289,0.12
c0_73,2,6.42523,17.4516,5.21097,-3.30242,-2.6024,-5.46703,1,0.6056,0.4028,0.12
c0_74,2,17.7804,20.7732,-8.42928,2.41593,-4.82916,-1.86123,1,0.6,0.4,0.12
c0_75,2,0.0782088,15.4767,0.0528208,6.91015,6.62205,-1.67823,1,0.7711,0.4855,0.12
c0_76,2,2.81944,15.6894,4.79003,4.34698,0.159203,-0.696512,1,0.6833,0.4416,0.12
c0_77,2,0.439177,19.0347,1.63376,-1.35699,-3.49898,-0.863723,1,0.7221,0.4611,0.12
c0_78,2,-2.28999,14.1977,-0.248365,-0.00444961,2.06468,-5.76105,1,0.7199,0.46,0.12
c0_79,2,-0.523934,10.3749,1.02427,-5.81442,-1.62248,2.40349,1,0.6588,0.4294,0.12
c0_80,2,-0.26988,15.06,2.38937,4.96137,4.28527,-5.71045,1,0.7592,0.4796,0.12
c0_81,2,0.663019,18.6351,2.58374,3.61776,-2.00197,-3.84855,1,0.7224,0.4612,0.12
c0_82,2,-7.03039,18.1019,3.38767,-0.417198,0.760283,-3.52994,1,0.6077,0.4039,0.12
c0_83,2,4.16423,11.1412,1.02215,1.43356,1.78371,-2.70719,1,0.64,0.42,0.12
c0_84,2,-0.697088,17.9306,-3.04797,-1.71058,-2.88903,-6.67206,1,0.6847,0.4424,0.12
c0_85,2,6.38332,11.804,13.1719,2.89807,-0.409426,1.55073,1,0.6,0.4,0.12
c0_86,2,-0.38054,13.9129,0.594458,4.4281,5.73439,0.219792,1,0.7456,0.4728,0.12
c0_87,2,3.26542,14.3274,3.15088,1.32005,-1.91664,0.935566,1,0.6947,0.4473,0.12
c0_88,2,-1.63897,15.5483,0.0996674,-3.17608,2.26045,1.06737,1,0.7509,0.4755,0.12
c0_89,2,2.15615,10.58,5.07439,-2.88296,4.53245,0.822292,1,0.6233,0.4116,0.12
c0_90,2,-2.49622,16.5956,-1.06977,-2.19412,-1.22231,5.57394,1,0.7163,0.4581,0.12
c0_91,2,8.91571,19.4386,-5.45036,1.15284,0.94552,-4.90988,1,0.6,0.4,0.12
c0_92,2,5.5164,10.0553,-2.97901,1.51967,-3.39368,0.827147,1,0.6,0.4,0.12
c0_93,2,-2.90238,13.8751,2.8274,-4.60983,-1.81674,-0.623752,1,0.7,0.45,0.12
c0_94,2,-2.04026,18.1358,-0.0163627,5.63069,-2.44284,-0.436499,1,0.7212,0.4606,0.12
c0_95,2,4.62149,17.3304,-3.37096,2.64797,-6.26156,-3.88549,1,0.6362,0.4181,0.12
c0_96,2,-0.882195,16.8171,1.69177,-0.92738,-10.1692,-1.54976,1,0.7663,0.4831,0.12
c0_97,2,11.0935,19.7151,1.73202,-0.506828,2.68807,-0.601914,1,0.6,0.4,0.12
c0_98,2,0.383506,26.2174,-3.56688,2.15364,0.412153,1.54431,1,0.6,0.4,0.12
c0_99,2,2.0545,14.0762,2.56233,4.35111,-4.08329,-0.0440288,1,0.7205,0.4602,0.12
c0_100,2,-6.47849,18.1515,2.551,2.49442,1.00667,2.95041,1,0.6254,0.4127,0.12
c0_101,2,-3.89332,18.5533,4.17095,-1.42187,4.52836,-3.48318,1,0.6603,0.4302,0.12
c0_102,2,-1.78311,16.9654,-2.01981,-0.623722,-3.07327,-0.335951,1,0.7074,0.4537,0.12
c0_103,2,1.40391,15.2123,2.82014,3.91777,2.13775,2.40043,1,0.7408,0.4704,0.12
c0_104,2,-7.418,11.1952,12.7325,-2.69441,-0.616505,-0.626554,1,0.6,0.4,0.12
c0_105,2,-10.0377,17.4539,-3.63157,-3.05138,-0.257009,-0.919922,1,0.6,0.4,0.12
c0_106,2,4.90731,14.2252,2.01545,-2.22833,-2.71849,3.22493,1,0.6675,0.4337,0.12
c0_107,2,-5.05177,26.2629,-0.613935,0.789479,-3.35329,-2.15636,1,0.6,0.4,0.12
c0_108,2,0.42314,17.6778,9.27317,4.25248,1.5713,1.14352,1,0.6,0.4,0.12
c0_109,2,-0.337277,18.234,-1.58442,4.74341,-4.19456,-2.64892,1,0.7126,0.4563,0.12
c0_110,2,-2.32452,11.9874,8.53357,5.99628,-0.516823,5.30895,1,0.6,0.4,0.12
c0_111,2,-1.22715,15.4115,3.64992,4.20392,-1.67956,4.38028,1,0.7273,0.4637,0.12
c0_112,2,-3.23431,20.2396,-5.2941,-1.23666,5.97436,0.00577255,1,0.6,0.4,0.12
c0_113,2,1.12732,9.43003,1.25286,-3.8642,0.222579,6.70762,1,0.6333,0.4166,0.12
c0_114,2,-6.09048,29.4828,11.8475,6.16835,-1.18741,1.62375,1,0.6,0.4,0.12
c0_115,2,2.18353,15.1853,0.486017,2.76011,-8.00127,-6.97201,1,0.7399,0.4699,0.12
c0_116,2,2.38783,23.1308,-2.5493,-3.86176,0.684969,-3.83258,1,0.6,0.4,0.12
c0_117,2,-2.80126,14.3694,0.282293,3.56857,6.09497,2.67197,1,0.7165,0.4583,0.12
c0_118,2,-0.795923,18.9372,-0.851641,-4.0239,3.5502,-1.52615,1,0.7099,0.4549,0.12
c0_119,2,2.26675,17.9327,-2.98814,-2.53227,-0.926141,-3.21743,1,0.6739,0.437,0.12
c0_120,2,-0.776665,13.756,-1.8111,-5.56081,1.93502,-0.242677,1,0.7064,0.4532,0.12
c0_121,2,-2.84547,15.866,-0.229688,-3.34618,-0.218972,-0.898324,1,0.7216,0.4608,0.12
c0_122,2,-0.28241,18.443,4.66806,-2.62449,5.31775,5.93382,1,0.6913,0.4456,0.12
c0_123,2,2.19849,19.8006,1.72507,-0.206932,-2.67044,-4.19658,1,0.6891,0.4445,0.12
c0_124,2,-1.61797,10.4659,-7.16326,-3.4383,2.54982,0.0970215,1,0.6,0.4,0.12
c0_125,2,-2.03752,15.5352,-0.888895,3.88477,-3.03428,2.10336,1,0.7282,0.4641,0.12
c0_126,2,0.365135,15.8564,-0.26268,0.856576,5.28571,-3.05873,1,0.765,0.4825,0.12
c0_127,2,-1.11997,23.8842,-3.58241,-0.717875,4.18637,3.04192,1,0.6,0.4,0.12
c0_128,2,-0.17852,14.9916,-0.586544,2.11472,-9.20387,4.1748,1,0.7511,0.4755,0.12
c0_129,2,-1.05797,18.5683,1.68229,-0.210476,-0.114327,-4.50606,1,0.729,0.4645,0.12
c0_130,2,-1.42509,13.873,-0.287174,3.812,-2.30135,-5.55841,1,0.7274,0.4637,0.12
c0_131,2,4.87648,12.804,0.887298,-1.64888,-1.46586,-6.2228,1,0.6542,0.4271,0.12
c0_132,2,-3.98973,14.7978,-0.0151387,-1.87288,-3.84394,0.28119,1,0.6923,0.4461,0.12
c0_133,2,2.98178,15.5434,3.46128,-3.219,-0.955903,0.680811,1,0.7039,0.452,0.12
c0_134,2,0.889033,24.0203,2.16673,-3.91382,4.85712,-3.13947,1,0.6,0.4,0.12
c0_135,2,-2.15283,15.0634,0.183964,0.173092,-6.96296,2.15113,1,0.7372,0.4686,0.12
c0_136,2,-3.77573,25.0324,1.97791,-5.72658,-2.01726,2.54263,1,0.6,0.4,0.12
c0_137,2,1.80902,17.0159,13.1365,-0.0283913,-3.93734,-2.33922,1,0.6,0.4,0.12
c0_138,2,2.57172,15.5414,0.752992,-5.65499,2.64436,0.56182,1,0.7342,0.4671,0.12
c0_139,2,-0.974069,19.4149,0.619469,-4.0431,-7.0777,-1.93188,1,0.7105,0.4552,0.12
c0_140,2,0.688564,18.3405,1.19514,-0.0697884,7.46524,0.246462,1,0.7389,0.4695,0.12
c0_141,2,2.14036,14.9444,5.34109,6.03149,6.84345,-1.84872,1,0.6779,0.439,0.12
c0_142,2,-0.202094,16.4937,2.77805,-3.8184,-0.735663,-7.23527,1,0.7555,0.4778,0.12
c0_143,2,-2.27475,15.1133,0.316309,-6.7436,3.19442,2.01084,1,0.736,0.468,0.12
c0_144,2,-1.76182,13.248,1.35053,7.15939,3.86634,-4.91817,1,0.718,0.459,0.12
c0_145,2,0.981111,6.30676,2.80954,3.12285,-4.76662,3.42173,1,0.6,0.4,0.12
c0_146,2,3.54252,22.2654,0.698212,-0.475176,-0.539418,1.1077,1,0.6198,0.4099,0.12
c0_147,2,-6.4369,15.5257,-11.914,-3.36278,-1.50451,-1.34056,1,0.6,0.4,0.12
c0_148,2,-1.59896,17.5532,1.35167,-5.22323,-2.22275,-2.24417,1,0.7439,0.4719,0.12
c0_149,2,1.93945,13.035,5.31101,-5.15282,-3.45868,2.09982,1,0.6621,0.431,0.12
c0_150,2,4.37237,16.7008,-0.329628,-0.591685,-5.84815,1.48698,1,0.6838,0.4419,0.12
c0_151,2,2.96226,15.9609,1.43841,5.72003,2.34408,-2.92482,1,0.7254,0.4627,0.12
c0_152,2,3.15625,14.305,-0.945666,-7.08818,-0.543837,-3.70602,1,0.6971,0.4485,0.12
c0_153,2,-0.0264959,17.3879,1.67129,6.82524,-8.32725,-0.614665,1,0.7623,0.4811,0.12
c0_154,2,6.67408,17.6331,6.43854,-1.28047,-2.9954,-3.906,1,0.6,0.4,0.12
c0_155,2,-0.985709,15.7198,-0.309158,3.97427,-7.09663,6.17342,1,0.7568,0.4784,0.12
c0_156,2,2.80634,14.1114,2.64079,4.70863,0.539436,1.74909,1,0.7069,0.4534,0.12
c0_157,2,-1.42577,5.27933,1.11457,1.19388,0.774385,-0.0731173,1,0.6,0.4,0.12
c0_158,2,6.36024,16.1289,6.9129,-2.42164,-2.60235,-0.991256,1,0.6,0.4,0.12
c0_159,2,-7.38504,17.7482,2.09513,0.437113,-0.474892,0.473119,1,0.6086,0.4043,0.12
c0_160,2,0.235484,13.7671,6.83303,0.0801272,2.40528,1.8575,1,0.6456,0.4228,0.12
c0_161,2,8.80979,9.72357,4.29329,0.483197,-0.502299,0.398435,1,0.6,0.4,0.12
c0_162,2,0.340369,18.2363,0.183737,-8.97141,-6.33338,-0.307383,1,0.7392,0.4696,0.12
c0_163,2,-3.61334,17.1823,2.20615,-1.24029,-5.50023,-3.07512,1,0.7009,0.4504,0.12
c0_164,2,0.88679,13.0362,3.53782,4.57225,1.43567,3.85348,1,0.7012,0.4506,0.12
c0_165,2,-7.93353,17.6332,-3.39331,-3.88764,-3.85617,-4.82443,1,0.6,0.4,0.12
c0_166,2,-3.41342,13.8819,0.0700308,2.26419,-2.87142,-3.62795,1,0.6964,0.4482,0.12
c0_167,2,1.42205,19.3531,0.839495,-4.96032,2.13913,-0.907914,1,0.7087,0.4544,0.12
c0_168,2,-6.77772,22.9315,-4.43909,2.79714,-2.01623,-1.34155,1,0.6,0.4,0.12
c0_169,2,9.15302,9.4257,8.0577,3.45407,-2.52409,2.26058,1,0.6,0.4,0.12
c0_170,2,-1.44976,15.8886,-3.03424,8.92043,-3.79214,-3.36186,1,0.6909,0.4454,0.12
c0_171,2,0.988711,13.0513,3.03379,0.216994,-1.20761,-6.31576,1,0.7082,0.4541,0.12
c0_172,2,10.9204,22.0371,-4.32283,0.0376042,-0.360801,-1.72722,1,0.6,0.4,0.12
c0_173,2,-3.79527,19.8308,6.24127,-2.00317,-6.272,-0.404102,1,0.6134,0.4067,0.12
c0_174,2,-2.12984,12.2144,7.4386,0.448871,-6.96104,-6.18776,1,0.6075,0.4038,0.12
c0_175,2,1.59688,14.8092,2.38155,-3.2019,-1.26097,-5.43316,1,0.7405,0.4703,0.12
c0_176,2,1.47988,24.233,2.54961,-2.233,-3.35731,2.3618,1,0.6,0.4,0.12
c0_177,2,-2.97937,12.1301,8.32602,-0.746562,1.84688,-0.615875,1,0.6,0.4,0.12
c0_178,2,3.18279,16.7078,3.81576,-8.74243,-5.92911,-3.90699,1,0.6936,0.4468,0.12
c0_179,2,-4.19979,16.3667,0.697973,-3.00121,3.57357,-0.413313,1,0.6942,0.4471,0.12
c0_180,2,1.18423,10.7784,-0.421499,-1.72382,1.33175,-3.34079,1,0.661,0.4305,0.12
c0_181,2,5.90167,33.2774,4.42836,2.14556,0.557952,-1.54268,1,0.6,0.4,0.12
c0_182,2,3.78844,12.8323,-0.279953,-2.30189,6.21903,-2.8689,1,0.6719,0.436,0.12
c0_183,2,4.57579,25.5257,1.9884,-2.06132,-3.864,-1.27683,1,0.6,0.4,0.12
c0_184,2,5.81255,17.3612,-0.696911,3.94751,1.17067,-7.24337,1,0.6443,0.4221,0.12
c0_185,2,-7.18903,19.3224,3.2655,2.78225,-6.20665,4.59217,1,0.6,0.4,0.12
c0_186,2,-8.04123,18.15,1.47419,-0.244546,2.04385,-2.88148,1,0.6,0.4,0.12
c0_187,2,2.209,13.1241,1.18343,-4.00892,0.180347,2.55434,1,0.7093,0.4547,0.12
c0_188,2,-1.20407,23.0683,5.88558,-0.650652,-1.10806,-2.79228,1,0.6,0.4,0.12
c0_189,2,-1.68807,14.7884,-0.0124919,2.80254,-0.310435,-1.24111,1,0.7413,0.4706,0.12
c0_190,2,1.4809,13.1806,2.57279,-5.80256,3.36299,-2.86029,1,0.7121,0.456,0.12
c0_191,2,-2.15532,19.3683,-16.416,-0.118834,-4.04062,-0.295554,1,0.6,0.4,0.12
c0_192,2,-1.26532,13.5925,2.25256,2.51929,-2.01461,2.45257,1,0.726,0.463,0.12
c0_193,2,-3.73573,21.4748,1.90067,-1.77622,-4.95578,-1.64657,1,0.633,0.4165,0.12
c0_194,2,0.629227,17.0909,1.40636,0.691563,-1.39413,5.27533,1,0.7675,0.4837,0.12
c0_195,2,0.554467,21.757,0.974631,-0.17271,-3.25987,1.08106,1,0.6554,0.4277,0.12
c0_196,2,0.0345611,11.7059,0.282362,-3.30701,2.34235,-2.0638,1,0.6908,0.4454,0.12
c0_197,2,1.32782,15.6612,2.73279,-5.52977,-1.317,5.6079,1,0.7464,0.4732,0.12
c0_198,2,-3.52231,17.1578,4.27222,-3.33545,-0.729462,-1.30532,1,0.6777,0.4389,0.12
c0_199,2,-1.15484,17.0396,3.26349,3.70084,2.89611,1.30476,1,0.733,0.4665,0.12
c0_200,2,-0.349244,15.7477,7.59545,-3.62156,-0.850762,0.413716,1,0.6368,0.4184,0.12
c0_201,2,-0.0859495,14.0567,0.55908,4.07378,2.37652,2.59099,1,0.7496,0.4748,0.12
c0_202,2,-8.71739,14.0991,3.82782,3.09598,-7.83482,-1.56512,1,0.6,0.4,0.12
c0_203,2,-1.8298,7.40264,-1.41534,3.60588,2.06681,-0.832712,1,0.6,0.4,0.12
c0_204,2,0.992532,14.0589,-0.0952147,-7.03061,2.78793,-7.37502,1,0.7381,0.469,0.12
c0_205,2,0.620274,13.8924,4.30043,2.40876,-0.286947,0.697427,1,0.7026,0.4513,0.12
c0_206,2,0.488846,30.7535,0.832855,0.486137,-3.52858,-0.333792,1,0.6,0.4,0.12
c0_207,2,-6.33483,11.728,2.13408,1.34002,5.78155,-3.55724,1,0.6072,0.4036,0.12
c0_208,2,-1.01743,19.8403,-0.0527679,-2.30915,6.47406,-1.10656,1,0.6967,0.4484,0.12
c0_209,2,4.77238,22.2759,4.42253,2.84768,-0.990274,0.721327,1,0.6,0.4,0.12
c0_210,2,-2.35505,14.6225,-0.0883143,-2.41284,2.09181,-3.89166,1,0.7258,0.4629,0.12
c0_211,2,-0.711825,17.6651,2.88281,3.17844,4.77917,0.254357,1,0.7361,0.4681,0.12
c0_212,2,3.26856,14.8682,-13.1039,-0.41082,0.788123,-1.63541,1,0.6,0.4,0.12
c0_213,2,-4.49337,9.81568,6.50379,1.6581,-2.60371,2.81385,1,0.6,0.4,0.12
c0_214,2,1.6986,7.94757,8.95926,-1.96723,-4.78722,-2.93892,1,0.6,0.4,0.12
c0_215,2,-1.24312,18.2776,-2.40624,4.55951,-2.35338,5.0838,1,0.6913,0.4457,0.12
c0_216,2,0.0209135,17.6411,1.30249,-6.40675,-3.66655,1.41179,1,0.7586,0.4793,0.12
c0_217,2,0.768739,14.616,-0.169398,-5.62072,-4.85304,-4.35469,1,0.7496,0.4748,0.12
c0_218,2,-5.88201,14.61,0.64857,4.13169,0.890678,-5.80855,1,0.6485,0.4243,0.12
c0_219,2,0.622773,18.7856,1.32431,4.40587,-6.74542,1.03404,1,0.7284,0.4642,0.12
c0_220,2,0.238674,14.6272,2.77961,0.0115932,-1.90108,-9.1874,1,0.7451,0.4725,0.12
c0_221,2,2.80398,21.6366,0.988447,-0.774837,0.906742,5.20198,1,0.6426,0.4213,0.12
c0_222,2,-1.73449,26.8242,-5.28057,4.78393,-2.18575,-0.684953,1,0.6,0.4,0.12
c0_223,2,-8.6503,34.623,0.571364,-0.376073,-0.444561,-0.254499,1,0.6,0.4,0.12
c0_224,2,-11.1663,2.86206,-0.889963,0.270255,-4.83589,2.14914,1,0.6,0.4,0.12
c0_225,2,-1.26902,18.6961,1.09217,-5.31683,-5.86848,-3.10426,1,0.7255,0.4628,0.12
c0_226,2,2.38448,19.5753,-3.02435,3.14339,2.55514,-2.29129,1,0.6514,0.4257,0.12
c0_227,2,-0.110759,12.318,-0.043652,-5.11494,1.43698,-1.38608,1,0.7037,0.4519,0.12
c0_228,2,8.64275,14.2769,-0.641065,0.706446,-4.18344,-1.16058,1,0.6,0.4,0.12
c0_229,2,1.17575,19.5767,1.53643,-0.587604,-4.7156,-0.234241,1,0.7052,0.4526,0.12
c0_230,2,1.58693,16.4719,5.74023,-0.735686,2.95861,1.21207,1,0.6764,0.4382,0.12
c0_231,2,1.67774,17.4064,4.57279,-1.17961,2.2247,-3.91865,1,0.697,0.4485,0.12
c0_232,2,0.0489966,17.6332,-1.29457,-7.02581,-2.8839,-4.00435,1,0.7279,0.464,0.12
c0_233,2,0.143372,14.9742,-2.30603,5.69628,-5.36236,6.77833,1,0.7114,0.4557,0.12
c0_234,2,1.21684,18.7708,4.72399,-2.4613,-6.53424,-2.08776,1,0.6816,0.4408,0.12
c0_235,2,-0.100319,9.20551,-2.73074,4.18939,-0.192443,-0.220928,1,0.6052,0.4026,0.12
c0_236,2,-3.08813,15.7616,5.61974,-0.561347,-7.2177,1.50276,1,0.6626,0.4313,0.12
c0_237,2,0.355978,14.1707,6.65914,3.87461,0.885494,4.266,1,0.653,0.4265,0.12
c0_238,2,16.5835,15.2649,4.82636,2.37226,-3.70917,-0.418711,1,0.6,0.4,0.12
c0_239,2,7.23473,19.5739,3.62751,-2.36001,-7.75241,0.270006,1,0.6,0.4,0.12
c0_240,2,10.4491,17.4191,-0.357393,4.0376,-1.01557,3.43714,1,0.6,0.4,0.12
c0_241,2,-0.168673,19.0292,0.634756,0.542192,-5.80419,1.42073,1,0.7233,0.4617,0.12
c0_242,2,4.18004,12.0901,-0.657465,6.93044,-0.344185,-5.90408,1,0.6504,0.4252,0.12
c0_243,2,0.840426,11.5121,5.4269,0.81656,1.58757,-2.14698,1,0.6424,0.4212,0.12
c0_244,2,-0.47327,19.5526,0.532495,-2.70889,-0.416982,3.75694,1,0.7094,0.4547,0.12
c0_245,2,-10.1418,19.7269,-1.70554,0.941723,1.79358,-0.805719,1,0.6,0.4,0.12
c0_246,2,2.72898,17.8013,3.72719,5.93716,4.10399,4.77937,1,0.6948,0.4474,0.12
c0_247,2,-0.00997969,10.996,2.15475,0.292703,-2.40147,3.71384,1,0.6721,0.436,0.12
c0_248,2,2.69135,18.2838,-0.899503,-3.90064,1.32586,3.57464,1,0.6988,0.4494,0.12
c0_249,2,10.9792,12.1042,-2.45709,5.41215,-3.20601,-0.426788,1,0.6,0.4,0.12
c1_0,2,-9.76654,-3.0094,-3.33915,2.71735,3.42816,-2.76723,0.4276,0.6344,1,0.12
c1_1,2,-14.2052,-14.9038,16.6733,1.17629,2.01031,1.88622,0.4,0.6,1,0.12
c1_2,2,-15.3753,-5.301,1.22813,7.16684,1.30139,-5.43863,0.506,0.7326,1,0.12
c1_3,2,-5.43188,-8.62621,-12.8155,-1.48769,-2.485,0.9852,0.4,0.6,1,0.12
c1_4,2,-10.8398,-10.1093,-1.12619,-3.1281,1.37038,2.22863,0.5078,0.7348,1,0.12
c1_5,2,-11.8171,-2.1886,5.20284,1.45714,1.7832,2.06958,0.4,0.6,1,0.12
c1_6,2,-14.7875,-7.35725,-2.46623,-0.228572,3.58145,1.16626,0.5517,0.7896,1,0.12
c1_7,2,-20.2265,-11.3557,-0.614108,4.81477,1.51717,6.41542,0.4199,0.6248,1,0.12
c1_8,2,0.396198,-3.56445,-4.42792,2.37218,0.982872,-1.0381,0.4,0.6,1,0.12
c1_9,2,-17.0446,-1.49543,-7.55052,-2.34499,-3.06718,-1.64914,0.4,0.6,1,0.12
c1_10,2,-23.7941,-4.91568,0.724982,1.83253,-3.83492,-2.18573,0.4,0.6,1,0.12
c1_11,2,-1.17542,-18.1559,-6.49377,-0.411635,-2.26926,1.28234,0.4,0.6,1,0.12
c1_12,2,-10.2469,-6.48844,-0.751752,2.56081,2.0323,4.62415,0.5021,0.7276,1,0.12
c1_13,2,-11.5057,-6.02684,-1.16337,-0.510555,5.57534,5.86851,0.523,0.7537,1,0.12
c1_14,2,-12.8534,-7.42398,3.60673,3.36248,-1.75031,-3.06234,0.4837,0.7046,1,0.12
c1_15,2,-16.6956,-4.68235,2.37829,3.25557,4.091,-5.07576,0.4635,0.6793,1,0.12
c1_16,2,-10.2475,-13.4389,0.686701,-1.76336,-1.77211,7.59683,0.4321,0.6401,1,0.12
c1_17,2,-3.26703,-10.7859,-6.31412,-0.683302,-0.955837,4.23206,0.4,0.6,1,0.12
c1_18,2,-23.3809,-1.98708,-21.9347,2.98562,1.55033,1.76524,0.4,0.6,1,0.12
c1_19,2,-12.3392,-6.51162,1.79457,-2.77674,1.49653,1.1862,0.5142,0.7427,1,0.12
c1_20,2,-9.26517,-3.41658,-3.75238,6.40885,0.671893,-6.59073,0.4228,0.6286,1,0.12
c1_21,2,-17.8811,-3.29065,0.350836,0.668714,4.01958,3.64526,0.442,0.6525,1,0.12
c1_22,2,-13.933,-0.704569,-4.55982,5.21648,0.330713,3.66696,0.4,0.6,1,0.12
c1_23,2,-13.4533,-9.09814,-2.44869,2.34178,-4.56092,-6.93744,0.5515,0.7894,1,0.12
c1_24,2,-9.77768,-14.6642,0.0539943,-0.259811,2.16383,3.48595,0.4032,0.604,1,0.12
c1_25,2,-12.1801,-13.9652,0.237178,-0.874428,1.91026,3.45636,0.4425,0.6531,1,0.12
c1_26,2,-16.0147,-4.92099,1.20463,2.66755,-2.52156,6.66713,0.4923,0.7153,1,0.12
c1_27,2,-16.543,-12.8199,2.783,6.33827,0.462658,-0.339219,0.4341,0.6427,1,0.12
c1_28,2,-13.1741,-5.38494,1.05986,2.99623,-3.14634,-1.26643,0.5165,0.7457,1,0.12
c1_29,2,-17.9376,-0.975091,7.36728,-2.99519,-4.40329,3.40607,0.4,0.6,1,0.12
c1_30,2,-12.413,-4.59467,-0.921902,-1.49029,4.55521,2.23499,0.5075,0.7344,1,0.12
c1_31,2,-13.6702,-14.2113,7.14816,-2.98765,3.94601,0.494569,0.4,0.6,1,0.12
c1_32,2,-8.71686,-4.71373,-5.50944,-2.54885,-0.0558839,1.96521,0.4089,0.6111,1,0.12
c1_33,2,-11.9997,-6.58528,2.74984,0.968044,0.873024,7.49986,0.4917,0.7146,1,0.12
c1_34,2,-14.5794,-9.26791,-0.760406,4.40685,0.42055,2.88006,0.5633,0.8042,1,0.12
c1_35,2,-15.4635,-10.1515,-2.66198,3.86403,1.0858,-1.46149,0.5197,0.7496,1,0.12
c1_36,2,-17.9285,-5.57535,3.44486,4.89577,-4.34416,-1.02639,0.4392,0.6491,1,0.12
c1_37,2,-9.37733,-11.7721,0.63998,1.66497,-0.936281,6.163,0.4486,0.6608,1,0.12
c1_38,2,-15.9085,-3.13132,-1.15782,-0.578009,1.16438,7.76789,0.4678,0.6847,1,0.12
c1_39,2,-15.8269,-9.82276,-6.24486,2.47182,2.92916,5.39635,0.4505,0.6631,1,0.12
c1_40,2,-8.44844,-5.95472,-0.21413,4.00016,0.51395,5.25532,0.4544,0.668,1,0.12
c1_41,2,-16.7506,-8.71208,-1.18791,8.02034,-5.8932,1.41786,0.5251,0.7564,1,0.12
c1_42,2,-27.922,-11.5749,-15.5973,0.70192,0.259084,-4.54932,0.4,0.6,1,0.12
c1_43,2,-8.29753,-2.80064,-3.14959,1.3345,5.72332,2.69804,0.4016,0.602,1,0.12
c1_44,2,-11.5418,-3.13362,2.35912,4.37695,-0.335032,-4.62479,0.4425,0.6532,1,0.12
c1_45,2,-15.8551,-6.29187,4.46669,-0.53977,3.51478,-3.39026,0.4506,0.6632,1,0.12
c1_46,2,-14.3792,-9.90006,-1.49759,-6.7648,-0.469296,4.83739,0.5485,0.7857,1,0.12
c1_47,2,-12.7532,-8.12523,-0.659897,9.16123,2.12916,-1.80694,0.5716,0.8145,1,0.12
c1_48,2,-4.25401,-19.703,1.03292,-1.00402,4.12332,-2.69982,0.4,0.6,1,0.12
c1_49,2,-19.7775,-12.2859,9.77882,2.45004,0.971337,1.0573,0.4,0.6,1,0.12
c1_50,2,-12.4713,-8.37396,-0.792968,3.22654,4.87735,-1.35876,0.564,0.805,1,0.12
c1_51,2,-17.0906,-7.95226,3.41845,-1.56949,-0.272246,-3.55575,0.4651,0.6814,1,0.12
c1_52,2,-13.6085,-4.26497,-1.94498,3.93028,-0.674713,4.59513,0.5028,0.7286,1,0.12
c1_53,2,-15.4141,-13.7132,7.56183,-2.82204,-6.06982,0.400756,0.4,0.6,1,0.12
c1_54,2,-17.1958,-9.70381,-0.695855,3.46678,7.56229,0.750529,0.5061,0.7327,1,0.12
c1_55,2,-12.6594,-4.46473,-1.29215,2.71795,1.84132,-5.51108,0.5062,0.7327,1,0.12
c1_56,2,-15.8155,-2.65323,0.378961,0.308027,3.38504,5.68843,0.4541,0.6676,1,0.12
c1_57,2,-17.3986,-8.9759,4.00714,3.46864,6.0613,-2.37671,0.4467,0.6584,1,0.12
c1_58,2,-12.9967,-8.87382,0.149572,5.97911,-10.3302,-7.22296,0.5596,0.7995,1,0.12
c1_59,2,-11.1274,-8.22193,9.8024,1.42658,6.13752,-5.45462,0.4,0.6,1,0.12
c1_60,2,-17.9722,-5.83206,4.60521,0.919203,-3.73885,5.30767,0.4198,0.6247,1,0.12
c1_61,2,-16.5771,-6.41139,0.395402,2.68405,-2.36354,4.6618,0.5148,0.7435,1,0.12
c1_62,2,-17.3619,-11.5739,0.122107,-1.24269,-3.42275,-0.415144,0.4723,0.6903,1,0.12
c1_63,2,-11.66,-6.0568,-0.0616905,-3.28657,-1.41185,-2.33317,0.5237,0.7547,1,0.12
c1_64,2,-13.2341,-9.26263,-2.55335,6.77323,0.595948,-6.04833,0.5457,0.7822,1,0.12
c1_65,2,-13.4443,-4.94693,-4.7577,6.51063,2.12425,1.15068,0.4766,0.6957,1,0.12
c1_66,2,-8.00933,6.49314,8.95862,2.73443,0.267633,0.294935,0.4,0.6,1,0.12
c1_67,2,-12.36,-8.80027,2.61971,-2.18069,3.57784,1.43397,0.5023,0.7279,1,0.12
c1_68,2,-11.7354,-7.10344,-1.95574,-1.0548,1.69929,0.929273,0.5367,0.7709,1,0.12
c1_69,2,-13.6825,-1.44699,-12.0101,4.40439,0.0373246,-3.15981,0.4,0.6,1,0.12
c1_70,2,-15.162,-7.17059,-0.286033,6.85834,-1.7496,-5.27422,0.5584,0.798,1,0.12
c1_71,2,-11.5561,-6.24351,-3.84445,2.48846,-2.06713,0.470899,0.4968,0.721,1,0.12
c1_72,2,-12.911,-2.14577,-7.85108,-0.657096,-1.90072,-5.27676,0.4,0.6,1,0.12
c1_73,2,-18.5566,-14.0429,12.8967,-1.19586,-1.38321,1.37345,0.4,0.6,1,0.12
c1_74,2,-14.6804,-7.76051,2.94104,-1.98215,-3.07075,-5.00829,0.5016,0.727,1,0.12
c1_75,2,-12.8991,-8.00517,1.61729,-0.146748,2.66062,2.30782,0.5326,0.7658,1,0.12
c1_76,2,-30.872,1.67356,-4.02731,-0.764253,2.2686,-0.866213,0.4,0.6,1,0.12
c1_77,2,-12.4983,-1.55238,-5.69318,0.57843,-0.372915,1.58211,0.4,0.6,1,0.12
c1_78,2,-17.5814,-9.16406,4.31525,5.27869,3.98628,-5.19924,0.4371,0.6464,1,0.12
c1_79,2,-10.6782,-13.5405,-3.68349,-4.65494,0.0916823,-1.34008,0.4258,0.6323,1,0.12
c1_80,2,-14.7946,-10.554,-1.21346,1.17193,-4.19068,-2.42885,0.5315,0.7644,1,0.12
c1_81,2,-17.3245,-5.54224,-4.93413,-7.66081,2.54059,-1.56256,0.4535,0.6669,1,0.12
c1_82,2,-6.0749,-11.5872,-10.297,2.11618,-0.213409,-6.6135,0.4,0.6,1,0.12
c1_83,2,-14.3008,-6.94216,0.240091,-4.6894,-1.70388,-8.45251,0.5595,0.7994,1,0.12
c1_84,2,-23.069,-2.56619,-11.2676,-1.66447,-0.261402,-2.84506,0.4,0.6,1,0.12
c1_85,2,-14.3228,-9.17729,3.87526,1.59192,-7.52129,-0.83312,0.4765,0.6956,1,0.12
c1_86,2,-15.5459,-6.40078,-1.47145,2.25478,-1.35653,1.0236,0.5401,0.7751,1,0.12
c1_87,2,-6.44989,8.22219,2.1712,1.42061,0.279174,2.93465,0.4,0.6,1,0.12
c1_88,2,-15.0482,-5.49582,5.75845,-3.47096,3.45893,6.96747,0.4197,0.6246,1,0.12
c1_89,2,-13.1834,-6.23482,0.963659,-0.943057,0.89527,3.44895,0.5336,0.767,1,0.12
c1_90,2,-13.3782,-1.21309,-14.6278,3.63423,1.35606,-0.242436,0.4,0.6,1,0.12
c1_91,2,-21.0334,-6.06505,3.61848,4.72935,-3.7559,4.40209,0.4,0.6,1,0.12
c1_92,2,-18.9817,-0.157638,-2.6708,5.40707,-1.7395,-2.45071,0.4,0.6,1,0.12
c1_93,2,-18.5016,-15.9942,-14.6816,1.87338,-0.687054,-1.8006,0.4,0.6,1,0.12
c1_94,2,-8.23762,-5.16307,-8.90101,1.81097,-2.05289,2.23697,0.4,0.6,1,0.12
c1_95,2,-11.4244,-7.79403,-13.1465,4.90111,-3.02457,1.44461,0.4,0.6,1,0.12
c1_96,2,-13.1283,-11.1518,2.73132,8.03865,4.51908,4.45109,0.4784,0.698,1,0.12
c1_97,2,-12.9875,-7.97902,0.923353,2.85121,5.26976,-0.144965,0.5495,0.7868,1,0.12
c1_98,2,-15.0265,-3.20113,-4.8858,3.53841,0.360868,0.276097,0.4413,0.6517,1,0.12
c1_99,2,-7.58535,-4.76594,2.23109,-5.36839,0.469964,1.46817,0.407,0.6088,1,0.12
c1_100,2,-12.2955,-11.089,-1.41532,3.18879,-3.42684,1.21613,0.5125,0.7407,1,0.12
c1_101,2,-14.1989,-9.58398,0.108724,8.26066,0.709322,-2.71562,0.5523,0.7903,1,0.12
c1_102,2,-11.1861,-7.26589,-0.410471,5.75778,-1.57921,-0.302826,0.5297,0.7621,1,0.12
c1_103,2,-17.5882,-7.13191,10.1201,0.231537,3.13955,-2.64013,0.4,0.6,1,0.12
c1_104,2,-7.32916,-7.42641,-2.24675,2.49319,2.39308,-0.368571,0.4328,0.641,1,0.12
c1_105,2,-14.7369,-7.29218,-4.61138,0.0881503,-6.50796,-0.113845,0.503,0.7288,1,0.12
c1_106,2,-12.747,-6.25623,3.23781,1.64622,4.4815,-1.65749,0.4843,0.7054,1,0.12
c1_107,2,-27.6617,0.00771396,11.2968,3.44576,3.02062,-3.53064,0.4,0.6,1,0.12
c1_108,2,-12.7664,-10.9052,0.660336,-1.00601,5.18563,-3.48491,0.5132,0.7414,1,0.12
c1_109,2,-14.6564,-6.06982,1.4236,5.76966,5.34301,-4.86761,0.5219,0.7523,1,0.12
c1_110,2,-10.2869,-8.65456,0.0976848,-0.517172,0.623681,-6.25251,0.5059,0.7324,1,0.12
c1_111,2,-15.1264,-9.24791,0.127866,0.403911,6.12262,3.98885,0.5486,0.7857,1,0.12
c1_112,2,-12.2127,-7.36086,0.806191,-1.3758,6.42546,-3.11701,0.5386,0.7733,1,0.12
c1_113,2,-11.0173,-13.6477,-0.440876,0.741402,-5.33032,3.30686,0.4416,0.6519,1,0.12
c1_114,2,-14.3186,-5.76501,0.800345,7.6341,8.81965,-5.50026,0.5288,0.761,1,0.12
c1_115,2,-13.7655,-9.16673,-0.528689,1.80202,-8.74161,1.9004,0.5693,0.8116,1,0.12
c1_116,2,-14.1696,-6.09617,-1.88124,2.00157,1.44385,2.28786,0.5459,0.7824,1,0.12
c1_117,2,-22.4338,1.27061,0.434314,-2.31453,3.5307,1.47957,0.4,0.6,1,0.12
c1_118,2,-11.1094,-7.39441,1.65245,4.09972,-1.77714,0.606404,0.505,0.7313,1,0.12
c1_119,2,-12.849,-6.9017,-0.182087,-3.14408,0.959487,2.66294,0.5586,0.7983,1,0.12
c1_120,2,-17.4129,-12.4005,-0.62152,2.72572,-2.58933,3.15473,0.4584,0.673,1,0.12
c1_121,2,-11.2762,-9.60523,-4.56255,-1.66301,-0.373598,1.04187,0.481,0.7013,1,0.12
c1_122,2,-13.6763,-6.83841,0.206468,-1.08191,0.740086,2.70919,0.5596,0.7995,1,0.12
c1_123,2,-15.4128,-10.8422,1.02995,-4.5047,-1.13752,2.7015,0.5057,0.7321,1,0.12
c1_124,2,-13.4897,-6.61378,-0.639743,-5.82402,-3.25875,3.6894,0.5636,0.8045,1,0.12
c1_125,2,-12.582,-5.87028,2.3757,3.29027,3.88377,0.165202,0.4972,0.7215,1,0.12
c1_126,2,-15.2878,-5.56166,-0.277957,0.632038,3.69044,-3.46066,0.5276,0.7595,1,0.12
c1_127,2,-14.5883,-9.02633,-0.63478,7.21734,2.33491,-4.89221,0.5678,0.8097,1,0.12
c1_128,2,-7.62528,-14.2914,4.01801,0.146395,2.72449,-1.81073,0.4,0.6,1,0.12
c1_129,2,-14.7349,-12.6004,1.39296,5.57293,-1.57334,2.95189,0.4696,0.687,1,0.12
c1_130,2,-12.4778,-12.745,0.0732995,1.85358,0.748846,-0.197328,0.4741,0.6926,1,0.12
c1_131,2,-9.77571,-9.01478,1.26232,2.84132,2.66011,-2.78771,0.4818,0.7022,1,0.12
c1_132,2,-11.4417,-8.25457,3.27494,0.530214,5.98662,2.3253,0.4792,0.699,1,0.12
c1_133,2,-12.7788,-7.54741,-0.752134,-6.22971,8.04957,-2.11102,0.5705,0.8132,1,0.12
c1_134,2,-15.227,-7.69998,-1.09233,0.39418,-0.608966,2.21991,0.5646,0.8058,1,0.12
c1_135,2,-17.7796,-23.2407,17.0943,-0.643822,-2.84773,-2.06473,0.4,0.6,1,0.12
c1_136,2,-12.8987,-10.4034,0.159595,-0.0972147,-5.59498,4.7563,0.5301,0.7626,1,0.12
c1_137,2,-7.29745,-3.92855,-4.54621,0.799673,-2.55177,4.59177,0.4,0.6,1,0.12
c1_138,2,-17.2179,-12.0279,-2.91633,6.00896,0.258935,-1.16907,0.4595,0.6744,1,0.12
c1_139,2,-16.8725,-13.7101,-7.31573,-1.43835,-5.09622,0.592011,0.4,0.6,1,0.12
c1_140,2,-2.22867,-14.5552,-5.30161,2.75922,-1.23486,1.46805,0.4,0.6,1,0.12
c1_141,2,-13.3886,-9.71959,4.8005,-3.77677,-0.915573,-2.92173,0.4507,0.6633,1,0.12
c1_142,2,-20.8898,-23.98,8.63691,-0.506056,3.19365,-1.97892,0.4,0.6,1,0.12
c1_143,2,-10.8572,-5.63023,1.32423,6.17515,-3.02359,5.63033,0.4894,0.7118,1,0.12
c1_144,2,-13.8195,-8.1315,-3.6959,5.8591,2.97336,-5.05181,0.53,0.7626,1,0.12
c1_145,2,-29.1368,2.22808,-11.9874,5.65069,-0.635229,-2.50525,0.4,0.6,1,0.12
c1_146,2,-17.4214,-5.51117,-2.19374,3.55403,9.19664,-1.93019,0.4866,0.7083,1,0.12
c1_147,2,-18.3309,-7.39011,-0.0777191,9.02095,2.29873,-0.0522215,0.4852,0.7066,1,0.12
c1_148,2,-14.2532,-9.2379,-4.41627,-3.61149,-3.87402,2.83039,0.5063,0.7329,1,0.12
c1_149,2,-15.182,-7.91918,2.85202,-4.94029,-1.00964,-0.241747,0.5005,0.7256,1,0.12
c1_150,2,-14.2279,-9.69242,-0.0315222,4.05101,1.35247,10.9598,0.5515,0.7894,1,0.12
c1_151,2,-11.9867,-10.4217,1.13655,-3.48049,4.79408,2.77,0.5081,0.7351,1,0.12
c1_152,2,1.85491,-3.03498,4.42176,4.88694,-1.78229,0.00613968,0.4,0.6,1,0.12
c1_153,2,-14.514,-5.4579,-3.30013,3.00703,-2.04668,-3.04316,0.5111,0.7389,1,0.12
c1_154,2,-10.982,-7.89715,-0.980277,1.7635,4.21921,3.43236,0.5281,0.7601,1,0.12
c1_155,2,-10.1784,-10.2808,0.996455,-0.877561,-5.79254,-1.8228,0.4819,0.7023,1,0.12
c1_156,2,-14.2497,-9.06735,-0.843789,-0.478361,10.4173,-0.434265,0.5715,0.8144,1,0.12
c1_157,2,-8.60645,-5.72127,-1.80198,3.23084,-0.536919,3.65857,0.4552,0.6689,1,0.12
c1_158,2,-9.35475,-0.70598,-10.8614,6.13453,0.643035,-0.440301,0.4,0.6,1,0.12
c1_159,2,-10.5191,-6.51031,-2.86844,-8.23877,-3.00357,-1.72085,0.4962,0.7203,1,0.12
c1_160,2,-12.3764,-6.35875,-3.09943,2.40593,-3.79637,-8.58421,0.5221,0.7526,1,0.12
c1_161,2,-15.6447,-9.06628,-0.168782,-3.31959,-4.38251,-1.50423,0.5448,0.781,1,0.12
c1_162,2,-11.1425,-4.45035,2.51833,4.43729,-4.2153,3.53788,0.4593,0.6742,1,0.12
c1_163,2,-14.122,-4.61626,-3.13238,3.72418,-8.59051,2.36271,0.4985,0.7231,1,0.12
c1_164,2,-13.4001,-21.3676,3.18371,2.83505,1.65637,-3.02766,0.4,0.6,1,0.12
c1_165,2,-20.1685,-15.7681,-10.9606,2.35768,-2.0954,-0.131679,0.4,0.6,1,0.12
c1_166,2,-28.5809,-11.3196,-7.35227,0.18748,0.668925,2.34156,0.4,0.6,1,0.12
c1_167,2,-14.9303,-10.6371,2.25341,-6.39293,2.24942,1.25664,0.4938,0.7172,1,0.12
c1_168,2,-14.9611,-6.31613,-0.94273,0.531479,7.40948,-3.75372,0.5496,0.7871,1,0.12
c1_169,2,-16.9249,-8.26126,-2.33507,-2.33045,0.344378,3.21851,0.5151,0.7438,1,0.12
c1_170,2,-17.3398,-6.19326,-3.00306,-2.52823,8.72861,0.844204,0.4887,0.7109,1,0.12
c1_171,2,-9.32285,0.682814,0.722191,3.73028,-3.65181,3.66362,0.4,0.6,1,0.12
c1_172,2,-16.4924,-7.94957,-0.0872799,-1.55142,-0.552174,-1.53133,0.531,0.7638,1,0.12
c1_173,2,-16.9612,-10.4392,-4.85188,3.48656,7.37274,1.0342,0.4604,0.6755,1,0.12
c1_174,2,-12.2864,-8.18135,-1.13206,7.75861,6.77441,-1.96764,0.5601,0.8001,1,0.12
c1_175,2,-13.0211,-10.5012,-1.6623,2.04241,-2.70083,-1.76008,0.5314,0.7642,1,0.12
c1_176,2,-9.33992,7.50683,5.60091,1.86258,5.33917,-0.571483,0.4,0.6,1,0.12
c1_177,2,-14.5326,-1.59333,0.0179437,-2.98362,-0.753225,-4.32017,0.4373,0.6466,1,0.12
c1_178,2,-12.7979,-10.8995,-2.98889,2.15946,5.42531,4.62719,0.5068,0.7335,1,0.12
c1_179,2,-12.1889,-4.80007,-4.14645,0.44574,2.95969,-1.36728,0.4787,0.6983,1,0.12
c1_180,2,-18.3383,-4.1331,0.303609,0.975221,-0.588645,-2.01148,0.449,0.6612,1,0.12
c1_181,2,-16.9483,-5.25595,1.35056,0.235817,8.47506,0.730178,0.4823,0.7029,1,0.12
c1_182,2,-10.5274,-21.1066,-1.13052,-2.00059,-2.18196,0.075808,0.4,0.6,1,0.12
c1_183,2,-21.5765,-0.0795598,1.51134,2.68436,5.77441,3.75933,0.4,0.6,1,0.12
c1_184,2,-13.8282,-4.35942,-1.60491,-2.48907,1.47812,0.874953,0.5073,0.7341,1,0.12
c1_185,2,-13.8342,-7.40494,0.152242,-5.31415,6.29756,6.56106,0.5697,0.8122,1,0.12
c1_186,2,-17.6742,-7.78286,-1.8384,0.971808,0.792946,3.11745,0.5016,0.727,1,0.12
c1_187,2,-15.0048,-9.48062,0.973604,3.89761,-0.77051,-4.23157,0.5337,0.7672,1,0.12
c1_188,2,-12.0819,-7.42262,-0.109277,0.456503,5.38986,4.93572,0.5493,0.7867,1,0.12
c1_189,2,-19.0255,4.68192,-9.72953,3.49921,1.49734,-3.19255,0.4,0.6,1,0.12
c1_190,2,-8.33713,-9.64726,3.07937,3.26348,-3.62189,-6.23959,0.425,0.6312,1,0.12
c1_191,2,-15.6052,-7.58059,-2.95105,1.55164,-1.72139,2.59389,0.5318,0.7648,1,0.12
c1_192,2,-15.3786,-8.04314,-6.02501,3.30028,2.40346,-2.13634,0.4664,0.683,1,0.12
c1_193,2,-13.7684,-11.101,0.0046461,-4.04197,-0.0985403,-0.974399,0.5192,0.749,1,0.12
c1_194,2,-28.9904,-19.8181,-6.76636,2.25943,-1.933,0.0827904,0.4,0.6,1,0.12
c1_195,2,-15.7913,-5.87363,-0.315527,-1.67037,3.68116,-0.657919,0.5267,0.7583,1,0.12
c1_196,2,-12.6348,-4.34192,-2.44149,2.7435,-4.80891,6.2255,0.4962,0.7202,1,0.12
c1_197,2,-16.5149,-0.150464,1.68744,-0.646342,1.53202,-1.28063,0.4,0.6,1,0.12
c1_198,2,-18.8202,-6.89716,-1.24413,3.13195,-0.637254,4.71011,0.4726,0.6907,1,0.12
c1_199,2,0.839386,-2.90453,-7.87587,-1.75946,2.1085,1.16292,0.4,0.6,1,0.12
c1_200,2,-19.8265,-8.47218,-2.71894,2.40247,2.64369,3.53611,0.4435,0.6544,1,0.12
c1_201,2,-14.1324,-5.77156,0.14471,3.53394,-6.36146,-1.3832,0.5381,0.7726,1,0.12
c1_202,2,-14.8825,-3.39949,0.28247,1.71708,-1.50663,-5.6162,0.4785,0.6981,1,0.12
c1_203,2,-6.3973,-4.64397,0.193955,0.624455,-3.11083,-0.390319,0.4,0.6,1,0.12
c1_204,2,-11.8318,-9.19743,-3.31072,6.0978,-0.693193,-2.06564,0.5158,0.7448,1,0.12
c1_205,2,-16.3032,-6.60616,-0.507065,5.62752,0.764241,6.58254,0.5289,0.7611,1,0.12
c1_206,2,-13.9763,-6.7735,0.368921,8.52959,-0.109652,-0.378252,0.5558,0.7947,1,0.12
c1_207,2,1.30058,0.328843,-1.1266,4.62314,0.317112,0.890138,0.4,0.6,1,0.12
c1_208,2,-14.1041,-3.12752,9.8995,4.1589,-4.06564,2.07907,0.4,0.6,1,0.12
c1_209,2,-11.8743,-13.3792,1.34783,6.45199,-0.70761,-3.55624,0.446,0.6576,1,0.12
c1_210,2,-10.9849,-5.95212,-4.296,-3.91604,3.64499,3.39209,0.4776,0.697,1,0.12
c1_211,2,-12.7621,-6.21567,-4.11232,3.56223,2.829,5.64803,0.5042,0.7302,1,0.12
c1_212,2,-15.9022,-7.89528,1.48104,-2.65076,-2.54104,-2.34274,0.5215,0.7518,1,0.12
c1_213,2,-14.7507,-6.3018,-2.68901,2.15312,-2.11756,-4.46982,0.5344,0.768,1,0.12
c1_214,2,-14.6863,-7.96164,-0.833835,0.82591,1.27133,2.77179,0.5792,0.824,1,0.12
c1_215,2,-17.3889,-3.57657,3.98639,-0.556771,4.11368,4.9647,0.413,0.6163,1,0.12
c1_216,2,-12.4391,-8.10541,-0.662302,4.17185,0.630995,-0.559197,0.564,0.805,1,0.12
c1_217,2,-15.446,-9.40915,-0.497346,7.75856,3.54222,-3.27908,0.5459,0.7824,1,0.12
c1_218,2,-17.3157,-12.3719,-3.95179,-1.65284,-6.57121,1.80456,0.4411,0.6514,1,0.12
c1_219,2,-14.3405,-8.81864,0.0424522,-0.086725,-4.08843,-2.1952,0.5665,0.8081,1,0.12
c1_220,2,-13.5346,-4.56726,1.78041,2.9911,3.24902,-2.89728,0.4908,0.7135,1,0.12
c1_221,2,-12.4713,-6.73615,-0.567134,0.577257,-0.995755,1.29747,0.5524,0.7905,1,0.12
c1_222,2,-18.8434,-5.8544,1.73859,1.77031,0.123056,-2.02465,0.4491,0.6614,1,0.12
c1_223,2,-16.3962,-7.96197,-2.9449,-2.41577,8.19913,3.91766,0.5185,0.7481,1,0.12
c1_224,2,-11.6781,-8.46258,-1.72285,-1.85104,-0.650457,5.23047,0.5407,0.7758,1,0.12
c1_225,2,-13.5817,-9.29758,-8.50422,3.09712,-2.82156,-0.0532954,0.4071,0.6088,1,0.12
c1_226,2,-15.9713,-4.2932,-3.92297,5.19487,0.592748,4.93361,0.4693,0.6866,1,0.12
c1_227,2,-19.609,-5.50794,0.542825,-3.75304,-0.507041,0.576983,0.4392,0.649,1,0.12
c1_228,2,-15.6629,-4.83777,-8.94451,-2.01949,1.2844,2.4992,0.4,0.6,1,0.12
c1_229,2,-7.99661,-11.5101,10.5137,-2.74071,-1.8455,-1.8249,0.4,0.6,1,0.12
c1_230,2,-16.3781,-11.5668,-2.80435,2.56424,0.354667,-3.00725,0.4809,0.7011,1,0.12
c1_231,2,-18.0752,-6.01515,-1.88283,7.92125,-1.28465,0.108626,0.4809,0.7011,1,0.12
c1_232,2,-17.1197,0.853356,1.85134,1.57558,1.93934,5.78152,0.4,0.6,1,0.12
c1_233,2,-9.05912,-3.7237,-3.9175,3.19928,6.63582,0.644215,0.4225,0.6281,1,0.12
c1_234,2,-16.2986,-11.2249,-7.18026,2.50897,4.83349,6.00999,0.4133,0.6166,1,0.12
c1_235,2,-12.4446,-8.64559,-3.00607,5.34516,2.61011,0.520219,0.5346,0.7683,1,0.12
c1_236,2,-4.64822,-7.80741,8.28187,1.90146,-2.47079,2.14253,0.4,0.6,1,0.12
c1_237,2,-15.4386,-10.7941,-4.60739,-0.427724,3.02379,2.10644,0.4774,0.6968,1,0.12
c1_238,2,-10.7138,-9.13272,-3.55051,6.6905,0.447351,-4.09218,0.4934,0.7168,1,0.12
c1_239,2,-18.3999,-0.85862,-3.53607,-1.10121,0.561288,-3.04534,0.4,0.6,1,0.12
c1_240,2,-10.7445,-0.119361,-6.86018,1.46894,1.91757,7.08122,0.4,0.6,1,0.12
c1_241,2,-17.8226,-7.85977,4.90931,-1.44258,1.5839,-6.45812,0.4241,0.6301,1,0.12
c1_242,2,-13.2576,-8.04652,-1.08257,2.74835,-0.961217,6.21745,0.5843,0.8304,1,0.12
c1_243,2,-15.0378,-8.79906,0.443724,-4.46211,0.953513,-6.0432,0.551,0.7887,1,0.12
c1_244,2,-19.353,-13.4929,-3.51293,0.612432,3.1936,2.2234,0.4,0.6,1,0.12
c1_245,2,-15.5855,-2.70169,-11.7901,0.419093,2.13328,-1.49552,0.4,0.6,1,0.12
c1_246,2,-16.1507,-8.45205,-4.69368,0.803699,1.67688,3.81374,0.4886,0.7108,1,0.12
c1_247,2,-9.00195,-10.232,4.95986,-0.407347,3.68154,-1.72972,0.4017,0.6022,1,0.12
c1_248,2,-11.3254,2.48748,-9.76371,2.49512,-2.19187,3.36468,0.4,0.6,1,0.12
c1_249,2,-15.9154,-13.2467,-0.0184383,3.87351,-1.24131,-1.35735,0.4574,0.6717,1,0.12
c2_0,2,13.1544,-7.61507,2.23711,2.77032,2.62325,-9.12474,0.645,0.9634,0.6634,0.12
c2_1,2,30.2134,4.99156,4.75723,-4.30673,-0.0641253,-0.995906,0.4,0.8,0.5,0.12
c2_2,2,10.8054,-9.23448,1.61739,-6.19665,-5.86282,-7.38727,0.5745,0.9163,0.6163,0.12
c2_3,2,11.1162,-10.949,5.35198,0.925079,-1.80914,7.56728,0.4779,0.852,0.552,0.12
c2_4,2,14.931,-7.96429,6.21029,-0.445315,-4.36271,3.6853,0.5008,0.8672,0.5672,0.12
c2_5,2,16.4449,-6.98694,1.27484,2.80827,-1.82951,0.8004,0.5953,0.9302,0.6302,0.12
c2_6,2,15.737,-10.389,-0.755244,-3.46601,2.2121,8.39593,0.5682,0.9121,0.6121,0.12
c2_7,2,15.5543,-6.23263,-0.383727,-1.3017,0.585653,1.79192,0.5943,0.9295,0.6295,0.12
c2_8,2,19.036,-2.27438,4.06621,1.29951,-3.9756,2.5058,0.4,0.8,0.5,0.12
c2_9,2,14.0217,-7.41258,0.233115,-3.33176,-3.59899,1.52152,0.663,0.9753,0.6753,0.12
c2_10,2,11.3557,-10.8384,-1.80513,-0.185061,-0.627834,1.85131,0.5232,0.8821,0.5821,0.12
c2_11,2,20.6092,-10.2344,0.865688,1.31031,4.77763,-0.740432,0.4332,0.8221,0.5221,0.12
c2_12,2,13.7822,-15.0455,7.32336,-2.04766,3.90279,-4.12502,0.4,0.8,0.5,0.12
c2_13,2,14.1742,-10.6414,-1.24159,-4.37599,1.65519,-5.74319,0.5693,0.9129,0.6129,0.12
c2_14,2,14.7749,-5.11623,-0.991033,-0.435676,-3.61363,-4.886,0.564,0.9093,0.6093,0.12
c2_15,2,20.5144,-8.5664,-0.576071,-1.77908,5.07618,-4.49246,0.4425,0.8283,0.5283,0.12
c2_16,2,16.7848,-5.905,-1.01677,0.61932,0.219936,-3.67007,0.5451,0.8967,0.5967,0.12
c2_17,2,13.8392,-6.69789,2.73086,3.87176,4.94081,-5.25983,0.619,0.946,0.646,0.12
c2_18,2,13.8337,-4.90054,2.93793,-4.3441,-0.575223,7.77843,0.5631,0.9087,0.6087,0.12
c2_19,2,11.0869,-10.7563,0.0425309,-3.69779,-5.28654,0.723038,0.5491,0.8994,0.5994,0.12
c2_20,2,14.0085,-6.71156,2.69139,1.17242,-0.645288,-1.67565,0.6203,0.9469,0.6469,0.12
c2_21,2,13.3443,-8.64356,5.36442,-6.88827,-3.22486,-4.04821,0.5338,0.8892,0.5892,0.12
c2_22,2,14.0855,-3.8569,8.56578,-1.12884,-2.89032,-3.34603,0.4,0.8,0.5,0.12
c2_23,2,9.55141,-7.71692,8.04394,3.90279,0.751548,0.701649,0.4,0.8,0.5,0.12
c2_24,2,13.9355,-11.7843,7.66639,3.92239,0.112689,2.76511,0.4128,0.8085,0.5085,0.12
c2_25,2,15.8374,-2.75311,3.00054,-3.84305,-1.60245,-0.446509,0.4768,0.8512,0.5512,0.12
c2_26,2,13.6637,-9.17212,1.61026,1.14838,-3.40057,2.85428,0.6501,0.9667,0.6667,0.12
c2_27,2,16.0026,-11.702,2.74468,-0.377911,-0.642071,-1.51918,0.5268,0.8846,0.5846,0.12
c2_28,2,15.2398,-5.89303,-2.74657,-2.23807,-3.30774,-3.82854,0.5304,0.8869,0.5869,0.12
c2_29,2,8.84686,-8.98389,7.12455,-3.48154,-0.721852,2.20421,0.4013,0.8008,0.5008,0.12
c2_30,2,8.32306,-6.16585,-3.0225,3.01546,-1.40728,0.954262,0.4342,0.8228,0.5228,0.12
c2_31,2,16.296,-1.05028,7.67925,-0.017295,-3.49454,0.63683,0.4,0.8,0.5,0.12
c2_32,2,13.7709,-9.04512,-1.06474,-7.43809,5.53678,0.847924,0.6129,0.9419,0.6419,0.12
c2_33,2,16.4094,-13.7305,3.95381,-3.10141,0.240436,1.8321,0.4401,0.8267,0.5267,0.12
c2_34,2,15.4541,-7.07444,1.15368,-7.91886,-1.35308,-3.87255,0.6305,0.9537,0.6537,0.12
c2_35,2,9.38103,-7.73278,-8.95646,2.16388,2.6553,1.00334,0.4,0.8,0.5,0.12
c2_36,2,10.1335,-16.0874,0.310828,3.15357,-0.602499,-3.76125,0.4,0.8,0.5,0.12
c2_37,2,12.1943,-8.41599,2.18951,-5.09288,-2.19136,2.65527,0.622,0.948,0.648,0.12
c2_38,2,13.1917,-6.40512,8.89128,1.31031,4.81503,-2.30233,0.4,0.8,0.5,0.12
c2_39,2,11.8751,-11.5065,-2.98444,-0.56617,-5.68578,0.193663,0.4873,0.8582,0.5582,0.12
c2_40,2,13.3927,-6.14443,2.63957,7.20034,2.95194,-2.27519,0.6058,0.9372,0.6372,0.12
c2_41,2,12.6514,-8.86643,-3.38866,-3.21441,3.02389,-1.08915,0.5259,0.884,0.584,0.12
c2_42,2,9.41869,-4.9916,1.33185,-1.89295,5.61541,-4.92027,0.4986,0.8657,0.5657,0.12
c2_43,2,12.3322,-10.4465,-0.0914375,-7.32705,4.56589,-5.23141,0.5843,0.9229,0.6229,0.12
c2_44,2,4.9945,-16.1241,2.4197,-5.71857,-4.34719,1.63868,0.4,0.8,0.5,0.12
c2_45,2,17.9074,1.32384,17.363,-3.02707,0.115693,-2.19323,0.4,0.8,0.5,0.12
c2_46,2,13.311,-8.5494,-4.4394,-6.52302,-0.191486,3.20466,0.4936,0.8624,0.5624,0.12
c2_47,2,14.7274,-6.72072,0.197649,-7.65186,-2.31169,-6.26241,0.6345,0.9563,0.6563,0.12
c2_48,2,8.49633,-4.48589,4.33977,-1.98733,-3.65434,-1.31173,0.4291,0.8194,0.5194,0.12
c2_49,2,12.2089,-3.80685,-2.13453,1.44905,-4.89729,6.95715,0.494,0.8627,0.5627,0.12
c2_50,2,13.1349,-7.40222,4.42701,1.47809,-2.34829,2.40574,0.5671,0.9114,0.6114,0.12
c2_51,2,14.0476,-6.55353,0.721532,-3.91392,10.0108,3.69537,0.6442,0.9628,0.6628,0.12
c2_52,2,27.26,-6.02669,20.6282,-3.43132,-0.351267,-1.20197,0.4,0.8,0.5,0.12
c2_53,2,22.9554,-13.1483,1.11828,0.216493,3.88431,-0.0876722,0.4,0.8,0.5,0.12
c2_54,2,12.6304,-7.73147,4.63372,8.76764,3.16743,4.11234,0.5562,0.9041,0.6041,0.12
c2_55,2,15.961,-10.7861,-5.62612,-3.30071,2.30882,1.07347,0.4188,0.8126,0.5126,0.12
c2_56,2,15.5546,-6.73039,-1.17275,-7.13615,-0.923349,4.17179,0.5859,0.9239,0.6239,0.12
c2_57,2,9.63016,-10.8073,-2.82353,-6.2576,4.12035,-4.21741,0.4616,0.841,0.541,0.12
c2_58,2,16.1879,-10.1247,-1.06036,-4.59975,6.99294,4.17001,0.5585,0.9057,0.6057,0.12
c2_59,2,9.594,-8.01831,0.681855,1.54109,-1.54465,3.78002,0.5397,0.8931,0.5931,0.12
c2_60,2,14.1562,-8.63351,0.440127,-2.40915,-2.89592,-0.306059,0.6661,0.9774,0.6774,0.12
c2_61,2,16.8451,-8.39663,-0.43784,-0.0341075,6.18719,1.29882,0.5746,0.9164,0.6164,0.12
c2_62,2,16.0787,-5.5133,3.40955,-7.38932,-0.784457,-3.05551,0.5459,0.8973,0.5973,0.12
c2_63,2,10.8816,-7.5737,0.376583,-4.9126,6.84634,-0.78835,0.5848,0.9232,0.6232,0.12
c2_64,2,16.2415,-9.05396,-2.66576,-1.3632,-2.97202,-0.796904,0.531,0.8873,0.5873,0.12
c2_65,2,15.7133,-18.4385,3.87526,-4.1009,1.95434,-0.746868,0.4,0.8,0.5,0.12
c2_66,2,12.4405,-11.8332,-7.80709,-0.361264,0.854549,0.542766,0.4,0.8,0.5,0.12
c2_67,2,15.0262,-8.07169,0.0972352,4.51826,-4.40782,-1.83726,0.6443,0.9629,0.6629,0.12
c2_68,2,15.17,-7.7727,2.48678,-8.80147,1.43958,1.00294,0.6254,0.9502,0.6502,0.12
c2_69,2,3.13081,-12.3538,-0.759613,-1.06867,-0.435799,4.74249,0.4,0.8,0.5,0.12
c2_70,2,16.0271,-10.5308,-1.04825,-4.83175,-3.81717,-4.16408,0.5531,0.9021,0.6021,0.12
c2_71,2,17.2632,-5.44297,-3.84628,-0.799951,-0.268922,-4.19229,0.4578,0.8385,0.5385,0.12
c2_72,2,13.0963,-8.42313,6.22635,3.28292,-0.978901,0.62574,0.5017,0.8678,0.5678,0.12
c2_73,2,15.4206,-12.0952,2.1361,-6.15829,-1.89571,3.71573,0.5303,0.8868,0.5868,0.12
c2_74,2,17.8904,-2.66699,1.93762,2.77012,-2.73183,3.3812,0.4468,0.8312,0.5312,0.12
c2_75,2,16.8472,-11.7652,4.47394,0.564941,1.41565,4.58898,0.4777,0.8518,0.5518,0.12
c2_76,2,12.0206,-8.69909,-5.24742,-3.33325,-1.77544,3.99111,0.4541,0.8361,0.5361,0.12
c2_77,2,11.8061,-8.8366,-0.519766,5.62069,-3.77284,2.74631,0.5991,0.9327,0.6327,0.12
c2_78,2,9.70028,-8.53057,6.5389,-0.489838,-1.00053,-7.18196,0.4398,0.8266,0.5266,0.12
c2_79,2,13.6397,-7.67972,-2.46323,-0.0682148,-0.117617,5.29102,0.569,0.9127,0.6127,0.12
c2_80,2,19.5933,-6.90787,0.233311,1.60384,4.5668,0.334025,0.4791,0.8527,0.5527,0.12
c2_81,2,9.93314,-9.2915,-4.75804,4.13738,-2.08667,1.56068,0.434,0.8227,0.5227,0.12
c2_82,2,14.932,-10.7808,1.38054,-4.53089,3.44879,5.82472,0.5873,0.9249,0.6249,0.12
c2_83,2,13.376,-7.58804,3.15916,-3.09449,-0.775268,-1.92464,0.616,0.944,0.644,0.12
c2_84,2,21.9601,-6.69116,7.96809,-1.66063,-2.13078,-3.04315,0.4,0.8,0.5,0.12
c2_85,2,16.5639,-7.71283,-0.326346,1.99515,6.10574,-3.14924,0.5863,0.9242,0.6242,0.12
c2_86,2,18.9251,-1.89405,0.195932,-4.59418,-1.53258,1.36872,0.4009,0.8006,0.5006,0.12
c2_87,2,17.1286,-5.8632,1.44542,-0.322878,3.64784,8.37819,0.5525,0.9017,0.6017,0.12
c2_88,2,15.6974,-5.97258,-2.93807,-0.685196,0.347744,5.73164,0.5198,0.8799,0.5799,0.12
c2_89,2,15.9063,-4.61289,-5.19056,0.568713,-2.9026,-0.742798,0.4241,0.8161,0.5161,0.12
c2_90,2,10.2855,-9.06459,0.768195,0.514172,3.97894,1.78193,0.56,0.9066,0.6066,0.12
c2_91,2,15.5474,-9.93949,-4.44576,-3.72065,1.86775,2.09992,0.4738,0.8492,0.5492,0.12
c2_92,2,12.3635,-7.53289,-2.11542,1.04587,-0.842411,4.58105,0.569,0.9126,0.6126,0.12
c2_93,2,5.38344,-8.71457,1.0034,-0.00615371,-0.546128,1.48015,0.4,0.8,0.5,0.12
c2_94,2,15.9872,-11.0086,5.23176,-1.29097,-2.47589,-2.17499,0.4898,0.8599,0.5599,0.12
c2_95,2,13.0306,-8.51399,1.68611,5.07867,-1.85963,-1.46155,0.6556,0.9704,0.6704,0.12
c2_96,2,14.4326,-11.0323,0.412426,3.10519,3.32753,0.321406,0.5821,0.9214,0.6214,0.12
c2_97,2,7.80993,-14.3723,-6.29023,-1.52419,0.274293,2.83941,0.4,0.8,0.5,0.12
c2_98,2,12.9854,-6.52831,-5.85454,3.58834,3.15535,-5.42198,0.4347,0.8232,0.5232,0.12
c2_99,2,16.8869,-6.50938,7.08762,-7.30411,2.42348,-1.39498,0.4392,0.8262,0.5262,0.12
c2_100,2,11.8206,-9.30333,-4.71097,-5.63694,-0.563725,-2.20752,0.4671,0.8448,0.5448,0.12
c2_101,2,14.4511,-8.47843,0.294868,-3.71554,9.73125,0.042549,0.6608,0.9739,0.6739,0.12
c2_102,2,13.0638,-6.71056,2.80699,-9.24985,3.23015,-4.09513,0.6119,0.9412,0.6412,0.12
c2_103,2,15.9452,-13.2507,0.531542,1.9169,-1.73769,-3.49571,0.4873,0.8582,0.5582,0.12
c2_104,2,15.2765,-3.97717,0.0516443,2.38274,5.80696,-1.57983,0.536,0.8907,0.5907,0.12
c2_105,2,10.1971,-8.13354,6.47168,-3.89493,6.26008,5.37794,0.4534,0.8356,0.5356,0.12
c2_106,2,13.8475,-14.0082,0.935988,-4.46578,-6.25183,2.20871,0.4747,0.8498,0.5498,0.12
c2_107,2,10.6928,-16.875,-1.55541,-4.74143,1.71109,-1.37151,0.4,0.8,0.5,0.12
c2_108,2,14.5192,-6.83092,1.50484,-5.28356,1.75393,0.0997486,0.6463,0.9642,0.6642,0.12
c2_109,2,15.241,-10.6565,-2.09249,5.26126,-1.30777,-4.13421,0.5383,0.8922,0.5922,0.12
c2_110,2,17.589,-13.365,4.57284,-1.70836,6.84967,-1.27912,0.4208,0.8139,0.5139,0.12
c2_111,2,15.4616,-4.18566,7.21538,-4.16296,-6.04322,1.53541,0.4203,0.8135,0.5135,0.12
c2_112,2,15.2183,-8.54339,2.53449,-6.50962,0.12535,1.50636,0.6207,0.9471,0.6471,0.12
c2_113,2,4.47065,-11.6267,21.6826,-0.904826,3.14387,1.98009,0.4,0.8,0.5,0.12
c2_114,2,15.8585,-6.12043,1.73722,7.2285,-3.50658,1.38989,0.5935,0.929,0.629,0.12
c2_115,2,11.6579,-7.78171,0.926157,-0.571237,3.58683,2.60123,0.6171,0.9447,0.6447,0.12
c2_116,2,10.5717,-7.01603,-0.269882,-1.65891,-1.97359,-3.58064,0.5628,0.9085,0.6085,0.12
c2_117,2,14.9278,-10.3713,4.17158,-0.829138,7.01282,0.214061,0.5464,0.8976,0.5976,0.12
c2_118,2,16.9735,-7.07756,4.22353,-0.351562,-2.70936,7.34063,0.5286,0.8857,0.5857,0.12
c2_119,2,12.5785,-7.64291,0.603688,3.05959,5.48376,3.28505,0.648,0.9653,0.6653,0.12
c2_120,2,16.9163,-4.75074,-1.28166,-0.602506,-1.03367,-0.781772,0.5119,0.8746,0.5746,0.12
c2_121,2,23.3532,-4.35208,-0.467989,-5.78115,2.45275,-0.578747,0.4,0.8,0.5,0.12
c2_122,2,11.1739,-7.87708,-1.38067,-3.25699,-2.78159,2.12457,0.5652,0.9101,0.6101,0.12
c2_123,2,9.32764,-10.8075,-0.796325,3.482,-0.542441,-5.57624,0.489,0.8594,0.5594,0.12
c2_124,2,15.9868,-13.1508,15.7382,0.0692837,-1.10633,-2.53858,0.4,0.8,0.5,0.12
c2_125,2,15.6083,-13.2106,-11.3956,-0.960366,3.72249,0.828507,0.4,0.8,0.5,0.12
c2_126,2,25.2965,-19.1041,-16.4135,-0.882124,0.837824,-0.237657,0.4,0.8,0.5,0.12
c2_127,2,11.2171,-8.96044,1.78425,0.116273,-1.1674,-1.11326,0.5907,0.9272,0.6272,0.12
c2_128,2,9.31288,-10.7426,-0.267337,-1.09047,1.91088,5.86276,0.4953,0.8635,0.5635,0.12
c2_129,2,9.58746,-6.34272,2.3172,-3.11715,0.572782,-0.602048,0.5214,0.8809,0.5809,0.12
c2_130,2,9.5642,-3.36165,-4.61151,-5.25615,-0.357893,-3.65115,0.4,0.8,0.5,0.12
c2_131,2,17.2401,0.613089,5.99197,-1.63929,-0.909285,-1.66315,0.4,0.8,0.5,0.12
c2_132,2,14.6206,-6.70673,-3.63929,-4.51696,1.66165,-4.99633,0.5168,0.8779,0.5779,0.12
c2_133,2,8.13121,-7.27965,8.69508,-3.87321,3.20168,-0.20952,0.4,0.8,0.5,0.12
c2_134,2,11.2056,-2.83248,12.0071,-3.47759,-3.20623,2.88786,0.4,0.8,0.5,0.12
c2_135,2,11.1342,-8.95692,4.84722,3.70456,5.50007,-0.934792,0.5199,0.88,0.58,0.12
c2_136,2,12.9364,-10.2204,-3.30026,-4.98487,-0.89945,0.53227,0.515,0.8766,0.5766,0.12
c2_137,2,18.0221,-11.8357,4.12427,-6.71256,-1.03611,-3.6348,0.4576,0.8384,0.5384,0.12
c2_138,2,12.5177,-9.92576,-1.0897,6.37149,-5.23636,1.43384,0.582,0.9213,0.6213,0.12
c2_139,2,12.8258,-5.30137,1.33447,-1.7565,-4.92147,1.62424,0.591,0.9273,0.6273,0.12
c2_140,2,17.8717,-18.4783,-6.62041,0.260652,-3.12985,-2.45757,0.4,0.8,0.5,0.12
c2_141,2,12.4408,-16.9485,3.0761,1.69977,2.15573,-2.93592,0.4,0.8,0.5,0.12
c2_142,2,15.0125,-8.82809,0.172699,4.11908,5.3746,-0.127176,0.6381,0.9588,0.6588,0.12
c2_143,2,12.3982,-5.21963,5.06505,-1.12089,4.75337,5.86999,0.5077,0.8718,0.5718,0.12
c2_144,2,13.8902,-9.9542,2.57258,-5.09326,-0.432066,4.10262,0.6061,0.9374,0.6374,0.12
c2_145,2,13.6908,-6.28361,3.06877,1.55147,-1.76783,6.92731,0.5993,0.9328,0.6328,0.12
c2_146,2,8.95731,-10.2649,1.07307,-2.34061,-2.8415,1.95105,0.4976,0.8651,0.5651,0.12
c2_147,2,15.5089,-4.20388,1.12795,0.810143,-2.67203,-7.47185,0.5447,0.8965,0.5965,0.12
c2_148,2,13.9568,-8.85638,9.67939,0.378091,-0.137516,-0.910936,0.4,0.8,0.5,0.12
c2_149,2,17.1336,-12.2148,5.3329,0.338261,-2.00837,-5.6757,0.4424,0.8282,0.5282,0.12
c2_150,2,13.563,-10.1049,-0.50354,-7.63662,-3.10282,3.74377,0.6022,0.9348,0.6348,0.12
c2_151,2,13.4614,-6.8532,-2.76055,0.679808,6.01367,2.89887,0.5515,0.901,0.601,0.12
c2_152,2,18.9611,-7.84239,-2.89507,-4.53739,-1.40921,-2.86056,0.4589,0.8393,0.5393,0.12
c2_153,2,14.298,-7.42928,2.90899,-1.86221,-0.60017,-1.82535,0.6238,0.9492,0.6492,0.12
c2_154,2,6.32282,-6.39305,0.396343,-1.46937,-6.16632,1.40367,0.4102,0.8068,0.5068,0.12
c2_155,2,12.8216,-7.27462,-0.538466,4.34275,-2.10117,2.06523,0.6251,0.95,0.65,0.12
c2_156,2,15.2961,-3.75566,8.72856,-3.62006,-2.9301,0.220965,0.4,0.8,0.5,0.12
c2_157,2,15.045,-10.9339,4.63997,-2.96256,8.91123,5.09501,0.5194,0.8796,0.5796,0.12
c2_158,2,14.3258,-9.83596,0.103816,-3.92239,-0.950563,2.80612,0.6212,0.9475,0.6475,0.12
c2_159,2,21.1549,-9.50301,-1.05154,-7.18166,0.875808,2.39214,0.4101,0.8067,0.5067,0.12
c2_160,2,14.476,-8.1227,0.15015,-5.43182,5.3399,-2.37857,0.66,0.9733,0.6733,0.12
c2_161,2,14.3143,-6.11798,4.10884,-5.4365,0.88234,-2.74081,0.5629,0.9086,0.6086,0.12
c2_162,2,15.4045,-7.36991,1.34707,-1.03232,2.66499,-6.34116,0.6361,0.9574,0.6574,0.12
c2_163,2,12.6302,-9.68989,-0.00578071,-3.18877,9.10177,3.877,0.6129,0.942,0.642,0.12
c2_164,2,12.2595,-9.42825,-1.42459,-5.7991,5.63074,1.84027,0.5784,0.9189,0.6189,0.12
c2_165,2,25.9741,-2.76684,-4.47153,-1.51947,0.98018,3.52616,0.4,0.8,0.5,0.12
c2_166,2,13.9409,-4.55352,-1.97947,-1.3279,5.29904,4.05228,0.5289,0.8859,0.5859,0.12
c2_167,2,11.1196,-8.98418,-2.60272,0.500752,-0.368917,-6.31474,0.5261,0.8841,0.5841,0.12
c2_168,2,21.6997,-2.27307,2.06113,-0.128777,2.63729,-3.27621,0.4,0.8,0.5,0.12
c2_169,2,8.53279,-8.5658,1.4862,-1.6513,-1.09851,-5.23125,0.4984,0.8656,0.5656,0.12
c2_170,2,16.4678,-0.676603,0.439411,0.645365,1.8114,-1.52073,0.4077,0.8051,0.5051,0.12
c2_171,2,13.1833,-7.19796,2.16275,1.04361,-6.29849,-3.33056,0.6416,0.9611,0.6611,0.12
c2_172,2,16.2905,-7.61776,2.11073,-9.28917,-0.678665,0.421229,0.5988,0.9325,0.6325,0.12
c2_173,2,10.2705,-6.29841,0.414484,0.897109,0.823887,-2.65312,0.5495,0.8997,0.5997,0.12
c2_174,2,15.7332,-9.94475,1.99315,-6.17184,4.59821,-0.87739,0.5921,0.9281,0.6281,0.12
c2_175,2,8.87009,-10.9551,-8.04227,-5.73322,1.45113,1.85997,0.4,0.8,0.5,0.12
c2_176,2,13.5473,-7.78418,2.29563,-6.51448,-2.53149,-2.31778,0.6497,0.9665,0.6665,0.12
c2_177,2,20.6152,-5.77677,6.21127,-1.35392,4.69554,-4.58894,0.4,0.8,0.5,0.12
c2_178,2,12.9411,-8.54571,1.35693,-1.29167,1.82425,-9.8265,0.658,0.972,0.672,0.12
c2_179,2,15.2569,-7.61879,2.01327,-3.44164,7.7015,5.59055,0.6338,0.9559,0.6559,0.12
c2_180,2,21.4613,-11.6218,8.08916,-1.77037,0.183788,3.48088,0.4,0.8,0.5,0.12
c2_181,2,9.20859,-10.9626,-3.15347,-4.59493,2.81608,-1.86891,0.441,0.8273,0.5273,0.12
c2_182,2,14.3875,-5.5306,-2.36854,-1.67759,4.48589,-0.245631,0.5418,0.8946,0.5946,0.12
c2_183,2,12.8161,-5.87026,-1.02688,3.43537,0.619763,6.78811,0.5828,0.9219,0.6219,0.12
c2_184,2,13.5835,-9.10561,-3.58934,-9.62437,-0.068875,-0.643393,0.5223,0.8816,0.5816,0.12
c2_185,2,18.8707,1.33213,1.87122,-1.60577,0.222812,-0.665215,0.4,0.8,0.5,0.12
c2_186,2,13.1576,-8.7236,1.77657,-0.239884,-4.78282,6.69942,0.6526,0.9684,0.6684,0.12
c2_187,2,16.4238,-5.82236,-2.3543,-6.75916,0.296294,-1.74228,0.5215,0.881,0.581,0.12
c2_188,2,-2.33952,-1.62917,3.509,-0.919624,1.46105,-3.78185,0.4,0.8,0.5,0.12
c2_189,2,22.5494,-5.36614,-3.97418,0.144952,-1.44305,-3.75175,0.4,0.8,0.5,0.12
c2_190,2,23.4467,-2.31788,-1.74059,3.16117,3.3483,1.50414,0.4,0.8,0.5,0.12
c2_191,2,13.1235,-9.4238,3.01824,1.70791,4.90764,6.9324,0.6037,0.9358,0.6358,0.12
c2_192,2,21.3634,-10.7952,-0.761098,-3.02382,2.98581,-6.45071,0.4,0.8,0.5,0.12
c2_193,2,15.61,-14.7471,-2.83304,-2.71041,-1.01245,2.90813,0.4015,0.801,0.501,0.12
c2_194,2,15.7792,-9.51553,-0.162716,1.39326,-0.496386,-3.86238,0.5982,0.9321,0.6321,0.12
c2_195,2,11.5669,-11.54,5.35791,4.11598,-4.03727,2.0128,0.4729,0.8486,0.5486,0.12
c2_196,2,10.5625,7.63849,8.0679,-1.66288,4.66916,-2.38423,0.4,0.8,0.5,0.12
c2_197,2,11.9137,-7.40982,-5.08664,-2.01043,0.461501,-3.60187,0.4591,0.8394,0.5394,0.12
c2_198,2,15.3246,-8.17399,-0.504201,-4.6378,2.96957,3.34687,0.6207,0.9471,0.6471,0.12
c2_199,2,10.1262,-8.05937,-3.21947,-6.89788,-0.489595,-3.93175,0.4885,0.859,0.559,0.12
c2_200,2,9.68145,-11.6381,1.02924,-1.28548,0.14478,2.97471,0.4923,0.8616,0.5616,0.12
c2_201,2,9.69186,-5.87524,1.72578,0.310964,7.82514,-3.26348,0.5226,0.8818,0.5818,0.12
c2_202,2,14.3111,-18.8119,2.90994,-5.96421,-2.62894,3.33049,0.4,0.8,0.5,0.12
c2_203,2,14.4071,-8.56372,11.4392,-2.34315,-4.68545,-3.96661,0.4,0.8,0.5,0.12
c2_204,2,27.4149,-9.62527,-3.54768,0.770646,-3.00825,-1.61947,0.4,0.8,0.5,0.12
c2_205,2,14.5778,-8.48086,0.229151,0.854923,2.88829,-3.15991,0.6563,0.9708,0.6708,0.12
c2_206,2,15.7487,-7.6197,0.254339,-2.16678,0.357396,-2.8109,0.6223,0.9482,0.6482,0.12
c2_207,2,13.9314,-10.1277,-2.81346,-0.529917,-4.66191,3.01898,0.5359,0.8906,0.5906,0.12
c2_208,2,11.8795,-8.48435,-0.112373,2.22771,2.67499,-5.56737,0.6129,0.9419,0.6419,0.12
c2_209,2,17.2473,-8.10067,1.12442,1.23873,-6.32581,0.484483,0.5727,0.9151,0.6151,0.12
c2_210,2,13.0585,-7.38769,4.08625,-4.5193,3.73096,7.32643,0.5786,0.9191,0.6191,0.12
c2_211,2,15.7864,-6.77017,3.90955,-3.59132,-2.86291,-1.81399,0.5615,0.9076,0.6076,0.12
c2_212,2,13.4883,-10.0997,1.50699,-10.5346,2.04809,3.67827,0.6179,0.9453,0.6453,0.12
c2_213,2,11.1132,-5.47187,2.60829,2.84925,2.98059,-8.00243,0.5478,0.8985,0.5985,0.12
c2_214,2,15.631,-11.1102,-5.50301,-0.0683577,5.1983,3.50595,0.4213,0.8142,0.5142,0.12
c2_215,2,12.9344,-11.5315,0.347377,-2.90535,0.895416,-3.22055,0.5609,0.9073,0.6073,0.12
c2_216,2,12.9578,-9.25871,1.30562,-5.30875,-1.46922,0.184388,0.6409,0.9606,0.6606,0.12
c2_217,2,12.085,-6.25807,-0.118625,6.31296,3.22109,-0.134376,0.5977,0.9318,0.6318,0.12
c2_218,2,22.3305,-7.23359,-3.59287,-3.19976,3.75111,2.02754,0.4,0.8,0.5,0.12
c2_219,2,16.7181,-21.8111,3.03865,-0.885955,-1.3146,-1.51086,0.4,0.8,0.5,0.12
c2_220,2,16.1705,-5.50905,-8.55343,-4.60155,6.41794,-1.48307,0.4,0.8,0.5,0.12
c2_221,2,18.9155,-6.2252,-2.45036,-1.6804,2.0981,-1.29517,0.4607,0.8405,0.5405,0.12
c2_222,2,21.0795,-14.6682,-0.417603,-0.726805,-5.80059,-1.41904,0.4,0.8,0.5,0.12
c2_223,2,18.8557,-4.18929,-0.40652,-1.11071,-2.06478,-5.3197,0.4584,0.8389,0.5389,0.12
c2_224,2,12.8448,-8.10378,0.95745,-0.516836,1.55659,5.96751,0.6618,0.9745,0.6745,0.12
c2_225,2,5.68861,-13.5903,-7.55254,-6.34565,2.52646,3.96062,0.4,0.8,0.5,0.12
c2_226,2,15.8599,-4.65506,-1.08832,6.86491,-3.77023,4.75044,0.534,0.8893,0.5893,0.12
c2_227,2,14.072,-6.39025,1.10279,-3.86979,2.99234,0.521318,0.639,0.9593,0.6593,0.12
c2_228,2,10.3237,-9.24953,-6.90509,-2.67327,4.24113,0.0111549,0.4,0.8,0.5,0.12
c2_229,2,13.8733,-10.281,1.27324,-1.18806,-6.37612,-2.14006,0.6139,0.9426,0.6426,0.12
c2_230,2,9.76981,-16.1237,-18.4195,-2.91169,-1.54076,-0.86487,0.4,0.8,0.5,0.12
c2_231,2,14.756,-5.40913,-1.74594,0.301517,-9.97028,-1.44008,0.5542,0.9028,0.6028,0.12
c2_232,2,11.7683,-0.545863,-3.63191,-4.43638,-0.383907,3.52607,0.4,0.8,0.5,0.12
c2_233,2,16.6846,-6.60842,-1.76409,4.20345,2.95725,1.83886,0.5426,0.895,0.595,0.12
c2_234,2,5.20032,-0.5622,3.50308,-2.67403,-0.820808,-0.854652,0.4,0.8,0.5,0.12
c2_235,2,14.2087,-9.27737,1.30485,-0.330468,8.18362,1.82707,0.6491,0.9661,0.6661,0.12
c2_236,2,21.4256,-7.43704,9.94585,-5.76086,1.47947,-1.05315,0.4,0.8,0.5,0.12
c2_237,2,14.9864,-9.71879,3.85042,2.27533,-1.30998,-2.4229,0.5685,0.9123,0.6123,0.12
c2_238,2,-4.13505,0.814279,-9.85498,-2.6911,-0.30228,-3.148,0.4,0.8,0.5,0.12
c2_239,2,11.2574,-8.8893,2.24094,4.29926,8.16084,1.71776,0.5871,0.9247,0.6247,0.12
c2_240,2,11.2975,-12.0928,1.03179,1.72345,5.1924,0.0613728,0.519,0.8793,0.5793,0.12
c2_241,2,25.7314,-3.21868,6.28769,-2.02727,5.50955,-0.293614,0.4,0.8,0.5,0.12
c2_242,2,11.5083,-5.70568,-2.44585,-0.3728,-0.891328,2.49697,0.5213,0.8809,0.5809,0.12
c2_243,2,17.3995,-2.19903,2.28729,2.76202,-0.750146,3.45077,0.4406,0.8271,0.5271,0.12
c2_244,2,12.359,-8.16132,6.70825,4.0551,-2.01549,0.857766,0.4789,0.8526,0.5526,0.12
c2_245,2,14.5539,-9.57867,-0.994924,-10.2364,8.53683,4.8265,0.6008,0.9339,0.6339,0.12
c2_246,2,16.3504,-9.58185,-2.56374,-6.99208,-1.4286,2.1317,0.5262,0.8841,0.5841,0.12
c2_247,2,6.27251,-1.41768,0.624244,-1.84778,2.96715,1.59236,0.4,0.8,0.5,0.12
c2_248,2,0.684274,-12.5591,-7.69199,3.41607,2.19389,0.00748043,0.4,0.8,0.5,0.12
c2_249,2,13.8901,-12.9948,0.211431,-2.69884,-0.125499,1.68469,0.5103,0.8735,0.5735,0.12
