# Three equal masses at an equilateral triangle, rotating as a rigid unit. For equal
# masses this configuration is unstable, so it holds its shape for a while, then tips into
# chaos — a clean semi-chaotic demo.
#
# format: name,mass,px,py,pz,vx,vy,vz,r,g,b[,radius]
@G=1.0
@softening=0.05
@dt=0.002
@timescale=2.0
@zeroMomentum=1
L0,10,3.67394e-16,6,0,-0.980944,6.00655e-17,0,1,0.7,0.4,0.7
L1,10,-5.19615,-3,0,0.490472,-0.849522,0,0.5,0.8,1,0.7
L2,10,5.19615,-3,0,0.490472,0.849522,-0,0.7,1,0.6,0.7
