# Two 300-star Plummer clusters orbiting each other on a bound orbit. They swing past,
# raise tidal tails, and eventually merge — a cluster-scale binary.
#
# format: name,mass,px,py,pz,vx,vy,vz,r,g,b[,radius]
@G=1.0
@softening=0.2
@dt=0.003
@timescale=1.0
@zeroMomentum=1
L0,1.66667,-24.1307,6.49896,3.80152,-3.22847,2.80761,4.46927,1,0.65,0.4,0.12
L1,1.66667,-18.1095,-1.40556,3.75804,-4.00834,-1.15647,-1.06385,1,0.7614,0.5337,0.12
L2,1.66667,-27.7423,-6.00674,-2.22792,2.00279,5.3982,1.26457,1,0.65,0.4,0.12
L3,1.66667,-19.2444,2.04934,0.0907395,-3.09976,2.57959,-1.59322,1,0.8317,0.618,0.12
L4,1.66667,-19.1736,0.798675,1.73359,-4.04902,11.777,3.60675,1,0.835,0.622,0.12
L5,1.66667,-13.5401,0.716045,-0.795901,5.19441,2.6156,-3.59504,1,0.6954,0.4544,0.12
L6,1.66667,-21.4632,-3.30116,-1.0982,-2.02951,-1.62338,1.3732,1,0.7821,0.5585,0.12
L7,1.66667,-20.7678,-2.9219,-0.0779578,1.34632,3.53653,-4.2633,1,0.8056,0.5867,0.12
L8,1.66667,-18.9915,-1.06429,-3.664,4.98457,1.54666,-5.08085,1,0.7767,0.552,0.12
L9,1.66667,-12.235,7.55288,-3.35507,0.601021,7.00083,-0.649128,1,0.65,0.4,0.12
L10,1.66667,-21.7156,-0.0331164,-1.18013,-3.8818,-3.30825,1.38688,1,0.8349,0.6219,0.12
L11,1.66667,-19.2182,1.34687,-5.8744,-3.43682,-0.575028,0.789736,1,0.7101,0.4721,0.12
L12,1.66667,-27.8325,-7.04256,-6.9801,-1.95385,3.39256,3.00085,1,0.65,0.4,0.12
L13,1.66667,-23.6501,-3.21034,-4.45161,1.08727,7.66662,1.4423,1,0.694,0.4528,0.12
L14,1.66667,-20.9275,4.01583,-2.14055,0.589596,2.47082,1.84742,1,0.7549,0.5258,0.12
L15,1.66667,-13.9398,2.94804,-10.888,-2.84939,1.47205,2.8513,1,0.65,0.4,0.12
L16,1.66667,-19.3015,-0.0758662,1.46056,0.200177,-1.17597,-12.8501,1,0.8494,0.6392,0.12
L17,1.66667,-20.4055,-3.94121,1.76516,-2.36436,2.05896,-3.71774,1,0.7645,0.5373,0.12
L18,1.66667,-17.5906,-4.19573,-6.36033,-0.924515,2.63878,-0.935163,1,0.6503,0.4003,0.12
L19,1.66667,-22.9126,-0.229837,-0.595657,-3.17444,2.11869,1.95316,1,0.8068,0.5882,0.12
L20,1.66667,-26.847,-1.60693,-0.116747,-1.11975,-0.97319,-6.64205,1,0.6802,0.4362,0.12
L21,1.66667,-21.2517,0.475988,1.65248,2.88018,3.3376,4.5164,1,0.8335,0.6202,0.12
L22,1.66667,-18.7441,-4.8389,2.00998,-2.02969,3.77254,4.67597,1,0.7316,0.4979,0.12
L23,1.66667,-20.2969,-2.3482,-2.0995,1.60884,-1.47984,-4.4692,1,0.8011,0.5814,0.12
L24,1.66667,-20.9218,0.826154,-2.70546,4.83284,2.39697,1.10736,1,0.807,0.5884,0.12
L25,1.66667,-20.1449,-0.460644,1.29403,-0.929046,3.1377,-6.25374,1,0.8568,0.6482,0.12
L26,1.66667,-18.6276,0.318412,1.74539,-6.17867,10.4947,1.02755,1,0.8299,0.6159,0.12
L27,1.66667,-22.2113,-1.19896,-0.234878,5.65884,1.08409,-2.11546,1,0.821,0.6053,0.12
L28,1.66667,-20.853,-0.825531,1.58936,-3.52534,6.52297,-5.27189,1,0.838,0.6256,0.12
L29,1.66667,-21.3592,5.78795,1.6042,-3.98779,4.78769,6.91226,1,0.7076,0.4691,0.12
L30,1.66667,-25.9431,-4.20321,3.16116,-2.81614,3.28105,0.232833,1,0.652,0.4024,0.12
L31,1.66667,-18.2244,1.45436,-0.544754,-2.737,-9.28747,3.11264,1,0.8263,0.6115,0.12
L32,1.66667,-22.6089,-2.81923,1.86775,-0.347238,5.12641,-1.44556,1,0.7665,0.5398,0.12
L33,1.66667,-19.4047,0.99967,-1.51057,0.929342,3.86431,-0.0299933,1,0.8404,0.6285,0.12
L34,1.66667,-18.9009,2.48468,1.07467,0.892048,8.6569,-0.673572,1,0.8087,0.5904,0.12
L35,1.66667,-18.8398,-7.62831,1.8725,4.42318,1.17015,-2.75245,1,0.6519,0.4023,0.12
L36,1.66667,-19.4337,-0.146123,-1.55095,-2.81987,8.99276,-1.70962,1,0.8482,0.6378,0.12
L37,1.66667,-18.7522,-3.32647,-0.565405,6.59729,3.09435,-1.19731,1,0.7876,0.5651,0.12
L38,1.66667,-19.6146,0.96355,2.52887,1.04636,4.72387,5.63168,1,0.8146,0.5975,0.12
L39,1.66667,-29.5377,6.19891,-1.81855,-0.400069,6.08426,-3.58766,1,0.65,0.4,0.12
L40,1.66667,-23.2944,1.35958,10.9251,-1.47059,4.45376,-1.65679,1,0.65,0.4,0.12
L41,1.66667,-16.8285,-4.931,1.63418,0.661824,-2.4944,-3.29616,1,0.7098,0.4718,0.12
L42,1.66667,-23.5214,1.01255,-5.27224,1.88858,0.843315,0.615639,1,0.6994,0.4592,0.12
L43,1.66667,-20.1224,-9.68371,4.44706,0.126285,3.06375,-5.87829,1,0.65,0.4,0.12
L44,1.66667,-22.649,-2.51998,2.01262,-3.83154,1.455,0.24121,1,0.7696,0.5435,0.12
L45,1.66667,-22.4137,-0.63096,-0.244623,0.562179,0.383781,-2.0903,1,0.8217,0.606,0.12
L46,1.66667,-22.0916,1.79626,-0.0893483,-2.21403,3.95798,0.793827,1,0.8138,0.5966,0.12
L47,1.66667,-22.795,4.03449,-1.73947,0.171217,0.734701,4.48158,1,0.7373,0.5047,0.12
L48,1.66667,-23.23,1.42219,2.69583,-0.611297,2.216,3.37488,1,0.7612,0.5335,0.12
L49,1.66667,-18.249,3.15404,-1.43013,-4.66594,-0.389213,-0.469359,1,0.7787,0.5545,0.12
L50,1.66667,-20.9616,-3.87649,-1.35508,3.14975,7.42458,-1.13481,1,0.7682,0.5418,0.12
L51,1.66667,-17.5268,6.09772,-0.492625,-2.90473,3.96268,3.32881,1,0.6938,0.4526,0.12
L52,1.66667,-15.9091,3.19123,2.3301,-4.4811,-1.64068,1.02474,1,0.7223,0.4867,0.12
L53,1.66667,-20.5169,1.68058,-6.62927,0.550713,0.535548,-0.924669,1,0.6857,0.4428,0.12
L54,1.66667,-18.1244,-0.237179,2.4997,5.43152,-1.2311,-5.8386,1,0.8021,0.5825,0.12
L55,1.66667,-24.4358,0.882725,1.43159,-3.50378,1.53945,1.59914,1,0.7518,0.5221,0.12
L56,1.66667,-14.5865,1.80284,-1.77636,0.663592,-0.135628,0.3966,1,0.7133,0.4759,0.12
L57,1.66667,-21.3483,-3.57894,-0.186772,0.29857,3.00357,4.51493,1,0.7803,0.5564,0.12
L58,1.66667,-21.0917,1.59102,-0.453199,3.42063,3.78087,2.73534,1,0.8381,0.6257,0.12
L59,1.66667,-19.5054,4.55555,3.64991,1.58172,2.89552,-1.57662,1,0.7169,0.4803,0.12
L60,1.66667,-29.3273,14.8995,0.54374,0.956881,3.3121,-4.01693,1,0.65,0.4,0.12
L61,1.66667,-18.6874,-3.37233,0.0797946,6.50858,0.872283,3.29397,1,0.7869,0.5643,0.12
L62,1.66667,-23.2859,-2.67975,1.3635,1.22881,4.62492,1.8356,1,0.7608,0.533,0.12
L63,1.66667,-20.9736,-2.71702,0.268906,2.393,13.2478,0.376156,1,0.8094,0.5913,0.12
L64,1.66667,-26.7126,4.23916,-1.40294,-1.79873,5.46423,-0.911641,1,0.65,0.4,0.12
L65,1.66667,-23.9759,14.5471,-9.01355,-3.22226,4.44179,-1.19193,1,0.65,0.4,0.12
L66,1.66667,-16.0652,3.00916,-2.82802,5.72394,6.87284,3.09722,1,0.7218,0.4861,0.12
L67,1.66667,-19.1851,2.53564,2.70018,-3.24206,8.63218,7.73569,1,0.7815,0.5578,0.12
L68,1.66667,-18.4293,10.9821,6.24742,-3.48817,4.02633,2.9052,1,0.65,0.4,0.12
L69,1.66667,-21.2407,-3.11565,0.329825,-3.74627,0.721987,3.14982,1,0.7947,0.5736,0.12
L70,1.66667,-21.4372,5.02092,-1.45448,1.95291,-0.877256,-4.95593,1,0.7306,0.4967,0.12
L71,1.66667,-21.1443,-0.137874,1.08227,-0.231857,2.37454,-2.44789,1,0.8506,0.6407,0.12
L72,1.66667,-24.6521,-3.5877,1.71109,2.18672,-0.803147,-0.730647,1,0.7088,0.4705,0.12
L73,1.66667,-18.9283,3.18852,-0.0279311,-5.92828,2.74826,0.205552,1,0.7949,0.5739,0.12
L74,1.66667,-24.4351,-3.06913,2.44144,2.7444,6.64437,-5.92329,1,0.715,0.478,0.12
L75,1.66667,-20.572,-1.93043,-2.47142,3.45631,-1.14744,0.705745,1,0.8004,0.5805,0.12
L76,1.66667,-20.577,3.08632,-0.116585,-2.03797,-0.0238531,-5.03381,1,0.8018,0.5822,0.12
L77,1.66667,-23.7397,2.22968,-3.78381,-2.97764,1.32927,-3.12985,1,0.7197,0.4837,0.12
L78,1.66667,-35.3448,-2.90143,-2.66583,-1.62105,0.875412,-3.90511,1,0.65,0.4,0.12
L79,1.66667,-15.3109,-4.01961,1.24473,2.50222,-0.880383,2.36826,1,0.7031,0.4637,0.12
L80,1.66667,-23.0588,3.82664,-3.69342,-0.110258,-3.39832,-1.1434,1,0.7083,0.4699,0.12
L81,1.66667,-20.4255,-0.116819,-3.5317,-6.39207,0.254714,0.594741,1,0.7888,0.5665,0.12
L82,1.66667,-20.0586,2.03849,0.73577,2.84349,-1.94012,2.72891,1,0.8322,0.6187,0.12
L83,1.66667,-18.9882,-2.58098,1.50482,6.11415,11.2868,-3.57383,1,0.8014,0.5817,0.12
L84,1.66667,-20.9863,1.33175,-0.301247,1.49584,-4.95472,-0.00672232,1,0.8474,0.6368,0.12
L85,1.66667,-14.4301,-2.4673,-4.08001,3.46055,0.531728,1.33092,1,0.6709,0.4251,0.12
L86,1.66667,-16.4562,-0.25338,-1.15544,1.70119,-0.33405,4.21773,1,0.7833,0.5599,0.12
L87,1.66667,-23.8907,-5.24773,0.187128,-6.13078,3.12621,-2.08386,1,0.6958,0.4549,0.12
L88,1.66667,-17.4937,-3.24956,-3.82953,3.51664,8.94324,2.50784,1,0.7246,0.4895,0.12
L89,1.66667,-16.4492,-1.38535,3.25586,0.358206,2.26243,-3.70345,1,0.7434,0.512,0.12
L90,1.66667,-19.6557,-1.27583,-0.340754,1.16982,8.64674,3.3352,1,0.8574,0.6488,0.12
L91,1.66667,-16.2477,8.74614,2.3494,-0.654977,-3.34769,-1.83582,1,0.65,0.4,0.12
L92,1.66667,-20.625,-1.51011,-1.31431,6.66381,1.49092,-0.115281,1,0.8345,0.6214,0.12
L93,1.66667,-22.7297,3.19678,-3.78417,2.10709,2.92471,2.48215,1,0.7232,0.4879,0.12
L94,1.66667,-23.2239,-2.90107,1.15156,1.16489,1.84421,-5.26746,1,0.7598,0.5317,0.12
L95,1.66667,-24.5386,-2.81153,-4.63885,2.3022,5.21911,-2.17715,1,0.679,0.4348,0.12
L96,1.66667,-19.532,2.1627,-3.89824,2.65765,4.11064,-7.61613,1,0.7599,0.5319,0.12
L97,1.66667,-21.7133,0.761208,-0.502296,-2.10817,10.1857,-5.05413,1,0.8393,0.6272,0.12
L98,1.66667,-19.8806,1.59799,2.81631,7.25658,9.94372,0.932685,1,0.7987,0.5785,0.12
L99,1.66667,-18.3441,0.399767,2.13602,4.04579,9.33123,-7.46624,1,0.8146,0.5975,0.12
L100,1.66667,-19.2534,-1.12553,2.55366,0.313914,-0.960229,2.59771,1,0.8097,0.5917,0.12
L101,1.66667,-18.7713,-0.837741,2.44935,4.71674,4.90037,-0.0685544,1,0.8105,0.5925,0.12
L102,1.66667,-36.9683,-4.21429,-3.90406,1.49148,1.63048,0.411884,1,0.65,0.4,0.12
L103,1.66667,-19.3747,-1.40137,-3.85799,-2.45747,0.889473,1.21292,1,0.7703,0.5443,0.12
L104,1.66667,-17.4426,2.63394,-1.38994,2.72465,-1.25583,-4.09757,1,0.7773,0.5528,0.12
L105,1.66667,-21.5125,-0.774497,-2.04811,-2.1619,-0.880198,0.284709,1,0.8168,0.6002,0.12
L106,1.66667,-17.3738,-4.1799,3.69732,5.92951,6.83127,-2.39184,1,0.7073,0.4687,0.12
L107,1.66667,-20.6639,3.02973,0.368567,3.61298,-2.00016,0.763986,1,0.8024,0.5829,0.12
L108,1.66667,-19.7901,-0.551916,-3.22922,3.20686,3.14608,2.48472,1,0.7974,0.5769,0.12
L109,1.66667,-17.5259,0.983257,0.363645,0.597549,-7.9587,1.21643,1,0.816,0.5992,0.12
L110,1.66667,-19.9731,4.73478,-1.65342,2.49773,1.21132,-6.22452,1,0.7433,0.5119,0.12
L111,1.66667,-21.9279,2.50217,-3.53427,1.56573,3.5491,-1.99025,1,0.7519,0.5222,0.12
L112,1.66667,-13.8028,-2.93924,1.27768,1.09339,-3.53976,-3.056,1,0.682,0.4384,0.12
L113,1.66667,-22.3781,0.78164,0.391774,-1.22311,11.6127,-0.618588,1,0.8208,0.605,0.12
L114,1.66667,-23.4424,-2.13269,-0.619059,-0.226015,-6.27371,2.65889,1,0.772,0.5464,0.12
L115,1.66667,-10.444,2.12341,-6.527,0.36009,4.12464,-4.72608,1,0.65,0.4,0.12
L116,1.66667,-28.2777,-2.5901,3.46155,-3.98492,7.76603,-1.64317,1,0.65,0.4,0.12
L117,1.66667,-22.0839,1.23751,9.252,3.24036,1.33246,3.5531,1,0.65,0.4,0.12
L118,1.66667,-16.6929,1.58415,-1.31551,4.23938,2.9456,3.95076,1,0.7783,0.5539,0.12
L119,1.66667,-29.0581,-6.17215,-3.39789,2.272,5.59692,-0.873535,1,0.65,0.4,0.12
L120,1.66667,-15.1115,-3.34338,11.2563,-1.12601,3.96583,2.71736,1,0.65,0.4,0.12
L121,1.66667,-23.846,-0.809149,1.7139,0.679711,4.47448,-4.24067,1,0.766,0.5392,0.12
L122,1.66667,-33.118,1.37753,-6.24394,0.709009,1.72775,4.54418,1,0.65,0.4,0.12
L123,1.66667,-36.1412,-1.60651,-6.07029,0.558355,4.53113,4.13165,1,0.65,0.4,0.12
L124,1.66667,-20.9044,2.26831,0.756674,2.08293,2.95125,5.0263,1,0.8201,0.6041,0.12
L125,1.66667,-19.708,-1.87736,-0.49845,1.69529,-1.46337,-0.0973178,1,0.8386,0.6263,0.12
L126,1.66667,-20.4194,4.55364,-0.131117,-2.35432,-5.88949,3.56471,1,0.757,0.5284,0.12
L127,1.66667,-21.7612,-0.813443,4.11781,3.08635,-0.280266,-0.867602,1,0.7578,0.5293,0.12
L128,1.66667,-22.6186,-7.61876,-0.733661,0.692361,5.83624,-0.314097,1,0.65,0.4,0.12
L129,1.66667,-17.5345,-4.41056,-8.53866,-0.661882,4.26201,3.5933,1,0.65,0.4,0.12
L130,1.66667,-31.0313,-1.99204,-1.66809,-2.97785,8.63979,-2.12822,1,0.65,0.4,0.12
L131,1.66667,-17.4863,-2.42295,1.96844,-3.21483,-2.41826,2.17919,1,0.7748,0.5497,0.12
L132,1.66667,-19.7247,-0.652676,-3.84033,-2.19294,0.618014,-0.719596,1,0.778,0.5536,0.12
L133,1.66667,-17.9922,0.536458,-1.70023,-3.14398,-5.52745,1.02447,1,0.8161,0.5993,0.12
L134,1.66667,-16.9041,0.103499,2.9594,-1.81423,1.69368,2.55634,1,0.7661,0.5393,0.12
L135,1.66667,-23.9469,-0.701019,-0.171249,0.330491,-3.29962,-1.89928,1,0.7746,0.5495,0.12
L136,1.66667,-15.7814,1.79842,0.288024,2.62199,-2.47877,3.50779,1,0.7564,0.5277,0.12
L137,1.66667,-20.7255,-1.7199,0.254937,1.10747,-4.14147,4.6276,1,0.8411,0.6294,0.12
L138,1.66667,-18.7972,-1.32437,5.23298,-3.48845,7.30704,-2.89088,1,0.7272,0.4926,0.12
L139,1.66667,-19.7087,2.46732,-3.39081,-5.18048,1.12968,-0.590061,1,0.7686,0.5424,0.12
L140,1.66667,-32.5442,-9.57036,3.59214,2.60753,-0.422221,-3.02166,1,0.65,0.4,0.12
L141,1.66667,-20.5709,1.20862,0.364238,2.07448,-0.565083,-1.23301,1,0.8567,0.648,0.12
L142,1.66667,-20.1457,17.34,-5.87414,-1.17483,-0.115547,-0.646444,1,0.65,0.4,0.12
L143,1.66667,-21.5496,-0.973487,0.383442,7.2151,-2.62153,-4.57975,1,0.8416,0.6299,0.12
L144,1.66667,-23.6919,-2.36954,-0.298963,3.68421,7.3549,0.906535,1,0.7626,0.5351,0.12
L145,1.66667,-23.7896,-2.44729,-1.72393,4.47787,6.16349,1.84864,1,0.7491,0.5189,0.12
L146,1.66667,-20.3216,1.5029,1.5126,0.211043,-4.00758,4.18296,1,0.8326,0.6191,0.12
L147,1.66667,-20.3897,5.74817,-3.08648,-0.209253,0.268365,7.66479,1,0.6957,0.4549,0.12
L148,1.66667,-19.9398,-0.441678,-0.508571,2.08598,0.747741,4.20153,1,0.8789,0.6746,0.12
L149,1.66667,-20.3572,4.06832,-4.56637,-2.39475,10.7626,-0.720275,1,0.7086,0.4703,0.12
L150,1.66667,-17.9223,1.88273,0.176131,-3.81332,2.44555,-0.268882,1,0.8122,0.5946,0.12
L151,1.66667,-16.9182,1.46351,-1.18506,1.54157,1.72841,-4.52378,1,0.7871,0.5646,0.12
L152,1.66667,-22.0157,0.333833,2.5691,-3.53036,-1.42471,4.74794,1,0.7974,0.5769,0.12
L153,1.66667,-17.3137,-0.820008,3.591,0.974746,9.08041,-6.62801,1,0.7575,0.529,0.12
L154,1.66667,-14.072,-0.977781,-2.89265,1.89072,4.78443,-1.27895,1,0.6916,0.4499,0.12
L155,1.66667,-20.8066,0.312646,1.6118,5.01396,6.45631,2.66033,1,0.8428,0.6314,0.12
L156,1.66667,-21.9961,-2.51296,-4.72572,0.731201,-0.544382,-4.19563,1,0.7215,0.4858,0.12
L157,1.66667,-18.3122,0.782875,-0.35544,-2.77406,0.848521,-0.921131,1,0.8408,0.629,0.12
L158,1.66667,-12.9796,7.15231,12.7503,0.829537,2.83106,-1.28156,1,0.65,0.4,0.12
L159,1.66667,-20.2297,-1.30677,0.552406,3.94662,-0.210275,5.3116,1,0.8551,0.6461,0.12
L160,1.66667,-14.6434,0.26721,-0.677125,-1.23689,3.08265,3.72033,1,0.7311,0.4973,0.12
L161,1.66667,-16.204,-1.13811,3.66529,-4.67873,-3.09733,2.61007,1,0.7313,0.4976,0.12
L162,1.66667,-24.4431,-2.19985,-11.2322,-0.97955,6.95825,0.918269,1,0.65,0.4,0.12
L163,1.66667,-19.115,2.39034,0.126809,3.57814,-0.92929,-0.971617,1,0.8202,0.6043,0.12
L164,1.66667,-17.0573,-1.47953,-0.276561,0.245688,6.11512,-0.706718,1,0.7967,0.5761,0.12
L165,1.66667,-25.0065,1.89137,3.52074,-5.25911,1.12892,1.18301,1,0.6998,0.4598,0.12
L166,1.66667,-23.8847,0.00822893,-5.26924,2.80469,-0.0991565,4.94257,1,0.6954,0.4545,0.12
L167,1.66667,-20.1878,-2.0714,-3.10672,-1.88061,2.70492,-0.169833,1,0.7832,0.5598,0.12
L168,1.66667,-20.2012,-5.22335,-2.64072,1.69965,-0.74832,2.15517,1,0.717,0.4804,0.12
L169,1.66667,-21.8552,-3.71494,1.79225,0.584204,1.27088,-5.7021,1,0.7587,0.5304,0.12
L170,1.66667,-20.3785,-1.25118,-0.415055,1.44695,-2.50753,-3.30952,1,0.8571,0.6486,0.12
L171,1.66667,-18.0766,18.2728,-6.77732,-0.185208,4.58522,-2.33662,1,0.65,0.4,0.12
L172,1.66667,-26.0569,-0.296393,0.334564,-2.31859,-1.47367,0.0912848,1,0.7102,0.4723,0.12
L173,1.66667,-21.113,1.0205,0.252171,0.852097,-2.22019,-7.19544,1,0.8522,0.6426,0.12
L174,1.66667,-25.0639,-2.13723,0.286879,1.49582,-3.51267,6.35604,1,0.728,0.4936,0.12
L175,1.66667,-23.8486,-8.67602,2.37175,0.418106,3.1702,3.1807,1,0.65,0.4,0.12
L176,1.66667,-19.4465,-0.35671,0.232693,-4.17322,1.98171,4.98365,1,0.8782,0.6738,0.12
L177,1.66667,-21.1121,1.94565,-0.482672,-2.59305,8.6087,6.01287,1,0.8284,0.614,0.12
L178,1.66667,-19.2506,0.895718,-2.81528,-1.37905,7.3146,3.61663,1,0.8048,0.5857,0.12
L179,1.66667,-19.5812,-0.431091,0.612364,-4.94728,4.1739,2.80726,1,0.8732,0.6678,0.12
L180,1.66667,-20.6495,-1.03054,0.880495,4.17725,1.58568,1.23784,1,0.853,0.6436,0.12
L181,1.66667,-20.0146,-5.53295,1.13566,-2.06587,2.60753,2.1812,1,0.7235,0.4882,0.12
L182,1.66667,-21.7606,-2.87663,2.74178,-2.08368,5.30168,0.295082,1,0.7642,0.537,0.12
L183,1.66667,-19.3174,-0.695292,-1.35398,2.02593,1.05636,1.0477,1,0.8479,0.6374,0.12
L184,1.66667,-23.2223,-0.914041,-8.728,3.603,-0.391611,0.645831,1,0.65,0.4,0.12
L185,1.66667,-18.9862,-0.632559,-8.17563,3.84765,-0.31065,1.34302,1,0.65,0.4,0.12
L186,1.66667,-18.1345,-0.784565,2.80435,2.53272,0.518053,-3.1901,1,0.7919,0.5703,0.12
L187,1.66667,-15.6173,2.27739,-3.63979,5.8708,6.45098,3.21746,1,0.7083,0.4699,0.12
L188,1.66667,-38.6396,9.65384,6.01473,-1.19747,2.86406,-1.7473,1,0.65,0.4,0.12
L189,1.66667,-18.1088,-1.01941,-7.80406,-3.08241,1.18296,1.58232,1,0.65,0.4,0.12
L190,1.66667,-15.9827,5.54077,0.388547,2.13668,6.89716,-1.29259,1,0.6858,0.4429,0.12
L191,1.66667,-17.7908,-2.43351,-1.63162,10.1837,0.638339,0.848102,1,0.7853,0.5624,0.12
L192,1.66667,-17.5112,0.689945,-0.697119,-2.73021,2.4565,-2.28412,1,0.8164,0.5997,0.12
L193,1.66667,-24.8048,-0.699631,-1.82231,0.575957,7.12341,-0.505522,1,0.7379,0.5055,0.12
L194,1.66667,-34.1518,-4.19323,-3.2048,2.71281,7.06046,-0.36455,1,0.65,0.4,0.12
L195,1.66667,-17.9517,1.00687,-0.944685,-4.50529,-1.95709,-0.40883,1,0.8228,0.6074,0.12
L196,1.66667,-20.6158,-4.23363,17.51,-0.7282,4.63176,0.987798,1,0.65,0.4,0.12
L197,1.66667,-15.2295,-0.228253,-0.667469,-0.507024,6.89922,0.798345,1,0.7493,0.5192,0.12
L198,1.66667,-16.3212,-11.976,-1.5575,-1.83452,1.57976,-1.75556,1,0.65,0.4,0.12
L199,1.66667,-17.1592,0.612717,-4.12182,1.60238,-1.03191,1.57409,1,0.7424,0.5109,0.12
L200,1.66667,-18.0438,1.07081,3.2601,-3.15065,-2.40492,-4.61298,1,0.7766,0.5519,0.12
L201,1.66667,-20.4441,1.12001,-0.0116554,-0.542593,5.60176,-0.169052,1,0.8623,0.6548,0.12
L202,1.66667,-22.5597,2.18332,-1.05163,3.10486,6.70356,6.00064,1,0.7898,0.5678,0.12
L203,1.66667,-18.8347,-1.56474,-2.66514,4.25772,3.93245,-5.1595,1,0.7968,0.5761,0.12
L204,1.66667,-17.8649,-0.864606,1.60974,6.34544,0.377851,-2.22293,1,0.8122,0.5946,0.12
L205,1.66667,-19.9644,-5.5621,-0.441231,1.1927,2.80721,1.53006,1,0.7256,0.4908,0.12
L206,1.66667,-28.3978,7.57738,11.7486,2.94091,5.37186,1.58515,1,0.65,0.4,0.12
L207,1.66667,-23.6448,3.0968,6.03014,9.16601,5.56896,1.63488,1,0.6595,0.4114,0.12
L208,1.66667,-18.4375,0.423123,-0.197363,-2.27803,-0.168931,3.4964,1,0.849,0.6388,0.12
L209,1.66667,-15.408,3.04496,8.98001,0.373992,1.51217,-3.30862,1,0.65,0.4,0.12
L210,1.66667,-22.7853,5.73284,1.49169,-0.898101,-1.45201,-6.65282,1,0.6954,0.4545,0.12
L211,1.66667,-19.9641,6.58552,1.58418,1.86512,5.90892,-0.367953,1,0.6883,0.446,0.12
L212,1.66667,-21.6295,-2.0955,-0.927067,0.203024,-3.13648,6.10122,1,0.8121,0.5946,0.12
L213,1.66667,-20.2187,-2.66338,-3.41694,4.77109,10.3238,0.0295998,1,0.7644,0.5373,0.12
L214,1.66667,-23.0891,1.75157,0.587002,-2.5066,5.93498,8.41623,1,0.7875,0.565,0.12
L215,1.66667,-19.8666,-2.73427,1.64496,3.4644,4.7854,10.1528,1,0.8002,0.5802,0.12
L216,1.66667,-23.1315,-3.22366,-0.478124,1.68754,5.35202,0.596033,1,0.7588,0.5305,0.12
L217,1.66667,-20.8471,1.15588,0.975866,-1.969,3.69628,-0.90236,1,0.8458,0.635,0.12
L218,1.66667,-9.26507,5.4803,-1.76201,-4.05208,-2.25891,2.00472,1,0.65,0.4,0.12
L219,1.66667,-16.6513,-16.3701,1.2706,-4.07215,2.40877,2.24292,1,0.65,0.4,0.12
L220,1.66667,-13.3391,-0.598977,-0.84234,3.09837,1.60284,3.5195,1,0.6894,0.4472,0.12
L221,1.66667,-24.1324,-5.31118,2.09876,-0.482894,1.8104,-1.80086,1,0.6797,0.4357,0.12
L222,1.66667,-17.3129,-3.07038,0.33831,4.95027,-2.27445,-0.822548,1,0.7721,0.5465,0.12
L223,1.66667,-25.2536,1.89986,-2.51525,0.582787,3.96899,0.388799,1,0.7085,0.4703,0.12
L224,1.66667,-19.9983,3.24721,4.63642,6.30561,4.96169,1.91611,1,0.7231,0.4877,0.12
L225,1.66667,-16.7572,0.977162,2.92985,2.9097,-0.0762485,3.51656,1,0.7601,0.5321,0.12
L226,1.66667,-21.6755,0.11722,3.03769,4.54526,3.67949,-8.6886,1,0.7915,0.5698,0.12
L227,1.66667,-28.3416,-13.6166,6.55573,-2.01032,1.22473,0.960254,1,0.65,0.4,0.12
L228,1.66667,-15.0455,-6.03305,-8.50869,-0.108278,0.0791226,-4.44948,1,0.65,0.4,0.12
L229,1.66667,-15.3288,-1.09121,0.549757,-0.530799,1.79114,5.10143,1,0.7491,0.5189,0.12
L230,1.66667,-16.9241,-2.4748,3.16341,0.809339,1.9857,4.32072,1,0.7419,0.5103,0.12
L231,1.66667,-17.501,1.92262,3.62665,3.9267,4.07898,1.98167,1,0.7498,0.5198,0.12
L232,1.66667,-22.2068,-0.107321,1.48726,6.09995,-4.51152,4.07572,1,0.8168,0.6001,0.12
L233,1.66667,-12.8808,-4.13708,2.59556,-0.248928,0.0292394,-2.46289,1,0.65,0.4,0.12
L234,1.66667,-19.2406,4.15865,2.36398,-5.42921,-2.01912,0.599207,1,0.7486,0.5184,0.12
L235,1.66667,-33.153,13.8076,-4.51042,-2.68416,5.2308,-1.80003,1,0.65,0.4,0.12
L236,1.66667,-20.2396,-1.64924,-0.760737,0.991386,4.97996,-1.87705,1,0.8428,0.6313,0.12
L237,1.66667,-23.1923,-4.47824,-5.73026,-0.945988,8.39018,-0.139064,1,0.6518,0.4022,0.12
L238,1.66667,-13.8079,-0.172629,-0.085712,-3.31749,6.47046,1.27259,1,0.7064,0.4677,0.12
L239,1.66667,-18.493,0.85254,-0.0130487,-2.78519,2.58853,-1.98697,1,0.8459,0.6351,0.12
L240,1.66667,-11.6174,3.33651,1.87599,-5.18699,1.78057,0.989507,1,0.65,0.4,0.12
L241,1.66667,-20.9736,-2.03639,0.520957,-3.08952,1.12586,-1.58803,1,0.8276,0.6131,0.12
L242,1.66667,-13.5153,2.11785,-1.48758,-1.72546,0.638056,-4.53996,1,0.6818,0.4382,0.12
L243,1.66667,-24.7978,-5.61857,-4.98747,1.92347,2.26999,1.65892,1,0.65,0.4,0.12
L244,1.66667,-18.7128,2.39795,0.0301648,-4.35849,9.2223,-3.68218,1,0.8149,0.5979,0.12
L245,1.66667,-19.8654,-3.32405,-1.23321,-5.12203,-1.42587,0.170424,1,0.7891,0.567,0.12
L246,1.66667,-20.1216,-3.06034,6.17734,1.99402,-3.1736,-1.13069,1,0.6845,0.4414,0.12
L247,1.66667,-19.3845,0.995814,1.72121,3.28558,1.29838,-2.48294,1,0.835,0.6219,0.12
L248,1.66667,-20.4314,7.29062,-0.473427,0.0795141,-0.759896,-1.58085,1,0.6713,0.4255,0.12
L249,1.66667,-20.6849,-6.47111,-0.671548,-1.42274,1.2784,-1.09575,1,0.6956,0.4547,0.12
L250,1.66667,-10.7227,2.82833,8.66588,-0.193424,0.250499,1.88284,1,0.65,0.4,0.12
L251,1.66667,-16.2484,-0.668342,1.99299,-3.71224,2.04899,-0.354215,1,0.7656,0.5387,0.12
L252,1.66667,-10.8885,12.631,2.63398,1.18712,0.64938,-0.840725,1,0.65,0.4,0.12
L253,1.66667,-18.4688,-4.48895,-8.66839,1.82479,1.48092,-3.41527,1,0.65,0.4,0.12
L254,1.66667,-16.7081,2.06737,1.00798,3.94034,1.67297,-7.08582,1,0.7745,0.5494,0.12
L255,1.66667,-18.4735,2.33444,2.46863,4.59538,0.53027,-2.24398,1,0.7836,0.5603,0.12
L256,1.66667,-15.0065,4.52048,-0.199346,6.14101,1.39804,6.2727,1,0.6894,0.4473,0.12
L257,1.66667,-27.7547,17.6806,-5.59906,1.65753,2.6369,1.76245,1,0.65,0.4,0.12
L258,1.66667,-17.7688,-12.0862,2.84007,-3.11189,4.79807,1.36097,1,0.65,0.4,0.12
L259,1.66667,-20.9626,-5.23431,0.267137,-3.20622,-2.90078,4.29571,1,0.7335,0.5002,0.12
L260,1.66667,-10.2021,4.88157,0.994079,-0.344971,2.88027,3.9257,1,0.65,0.4,0.12
L261,1.66667,-19.7915,-0.965727,-3.10856,2.37142,-1.96006,3.25237,1,0.7981,0.5777,0.12
L262,1.66667,-22.7599,-0.224742,-4.62834,4.25396,1.64422,-6.39634,1,0.7315,0.4977,0.12
L263,1.66667,-25.4495,-6.60707,8.54178,1.78038,1.62945,0.347563,1,0.65,0.4,0.12
L264,1.66667,-20.6809,-2.90638,0.69305,-3.6726,-5.71016,2.02704,1,0.8042,0.5851,0.12
L265,1.66667,-21.8841,-1.37816,4.22725,-1.19251,-1.51271,3.48744,1,0.7491,0.5189,0.12
L266,1.66667,-22.1473,1.60435,0.388129,-7.89387,2.33422,-1.5828,1,0.8154,0.5984,0.12
L267,1.66667,-16.1745,0.0345602,1.83653,2.94937,0.126708,4.9299,1,0.7674,0.5409,0.12
L268,1.66667,-23.1702,-2.03716,0.963257,-2.11468,-0.155236,-1.33068,1,0.7785,0.5541,0.12
L269,1.66667,-20.9279,-4.62274,-0.514062,2.07828,4.16678,9.31825,1,0.7518,0.5221,0.12
L270,1.66667,-21.3222,2.06219,-5.09404,3.07174,2.88715,-0.625137,1,0.7234,0.488,0.12
L271,1.66667,-18.3076,0.0619109,-2.4726,-1.8244,5.37881,5.76261,1,0.8063,0.5876,0.12
L272,1.66667,-22.3517,0.274517,4.04218,-4.04748,6.96121,2.14165,1,0.7536,0.5243,0.12
L273,1.66667,-19.7044,-6.43835,-4.76453,-5.00094,0.494997,-1.68554,1,0.65,0.4,0.12
L274,1.66667,-16.9305,2.64924,2.11342,-1.03469,-4.67294,-3.50685,1,0.7571,0.5285,0.12
L275,1.66667,-20.1865,0.90812,-0.190127,7.11422,3.35226,7.51996,1,0.8704,0.6645,0.12
L276,1.66667,-21.5641,4.16129,6.06589,2.22907,5.71452,-5.25959,1,0.665,0.418,0.12
L277,1.66667,-15.6784,-2.94946,-2.79153,-1.11185,-3.95478,-1.66293,1,0.7147,0.4776,0.12
L278,1.66667,-17.9852,2.35033,1.63245,1.87163,6.61791,1.21949,1,0.7906,0.5688,0.12
L279,1.66667,-17.4919,3.56701,0.453469,-1.12077,-3.05563,2.3587,1,0.763,0.5356,0.12
L280,1.66667,-20.4853,-1.77503,-3.1677,-0.218463,0.143762,1.61101,1,0.7855,0.5626,0.12
L281,1.66667,-20.0668,-2.43706,1.83578,3.81999,4.29081,1.29181,1,0.8046,0.5856,0.12
L282,1.66667,-16.7357,9.55944,-1.72389,-0.501607,3.25773,-0.907181,1,0.65,0.4,0.12
L283,1.66667,-34.5456,1.57935,-5.69514,-2.80498,3.7148,-3.30292,1,0.65,0.4,0.12
L284,1.66667,-17.6971,-6.11126,-1.31157,3.68934,1.25443,2.21836,1,0.6918,0.4502,0.12
L285,1.66667,-16.3656,-1.16783,2.4544,-1.35675,4.76389,-4.70231,1,0.7582,0.5298,0.12
L286,1.66667,-22.1157,0.318245,-2.75935,1.4133,9.11181,0.235413,1,0.7909,0.5691,0.12
L287,1.66667,-25.1331,-13.1988,10.3213,4.07482,1.06126,-1.40893,1,0.65,0.4,0.12
L288,1.66667,-18.5664,2.70339,2.52697,-1.33443,4.49959,2.30232,1,0.776,0.5512,0.12
L289,1.66667,-25.9797,1.41341,4.24443,7.08411,5.86753,-4.48421,1,0.6666,0.42,0.12
L290,1.66667,-15.6773,-7.28463,4.26076,-1.40584,4.63617,1.85086,1,0.65,0.4,0.12
L291,1.66667,-23.3722,-3.18363,-3.93279,3.72957,3.5117,3.59223,1,0.71,0.472,0.12
L292,1.66667,-22.7687,-3.9492,-0.381402,-2.51967,2.52858,-2.67653,1,0.7488,0.5186,0.12
L293,1.66667,-18.2323,-1.04396,-3.05202,-3.58516,9.57682,5.4632,1,0.7851,0.5621,0.12
L294,1.66667,-19.2577,1.16157,0.505055,-3.04243,6.41212,1.92453,1,0.8541,0.6449,0.12
L295,1.66667,-20.2445,3.78248,0.847911,4.69382,-0.452787,2.07743,1,0.7786,0.5543,0.12
L296,1.66667,-20.5133,0.876447,1.86174,-0.753176,1.87999,1.17832,1,0.8337,0.6205,0.12
L297,1.66667,-2.8663,1.39159,12.0093,-0.419614,2.37706,1.24272,1,0.65,0.4,0.12
L298,1.66667,-22.2062,8.64419,-1.17011,1.37823,2.62827,0.740412,1,0.65,0.4,0.12
L299,1.66667,-20.4887,-0.870652,3.34177,3.88402,4.31998,6.51455,1,0.791,0.5692,0.12
R0,1.66667,18.5684,13.8793,-3.32587,-0.310406,-6.08654,-0.137706,0.5,0.6,1,0.12
R1,1.66667,16.7654,1.06488,-0.145974,-1.71642,0.589872,5.64315,0.6435,0.7435,1,0.12
R2,1.66667,21.136,-2.29114,2.87645,8.16612,-2.02167,0.570622,0.6297,0.7297,1,0.12
R3,1.66667,21.3799,-4.48923,-1.26329,3.72016,2.31118,-1.12108,0.598,0.698,1,0.12
R4,1.66667,19.8065,-2.15342,-4.79405,3.48729,-1.347,-0.643892,0.5857,0.6857,1,0.12
R5,1.66667,15.0869,3.01843,2.32886,0.283366,-5.0063,-0.137255,0.5557,0.6557,1,0.12
R6,1.66667,23.8461,-3.90599,-0.40263,2.10002,-3.30143,6.13142,0.5782,0.6782,1,0.12
R7,1.66667,22.7162,-0.729359,-0.0831812,-4.43511,-0.914813,0.0437654,0.6621,0.7621,1,0.12
R8,1.66667,21.031,-0.106422,1.81715,3.35904,-2.52968,2.23364,0.6846,0.7846,1,0.12
R9,1.66667,17.983,1.79428,-0.386517,-1.85469,2.93096,6.73675,0.6648,0.7648,1,0.12
R10,1.66667,16.4158,3.04692,-0.407858,-5.29434,-2.06445,3.36782,0.6024,0.7024,1,0.12
R11,1.66667,18.0041,1.0734,-7.84829,-4.29819,-5.17685,-0.430046,0.5,0.6,1,0.12
R12,1.66667,17.4519,-2.06479,1.83212,-1.58152,1.99925,2.72554,0.6326,0.7326,1,0.12
R13,1.66667,9.81198,-2.88618,6.24076,-0.980432,-1.06601,-5.99267,0.5,0.6,1,0.12
R14,1.66667,22.1862,0.277303,-0.851465,-3.1616,2.52076,8.91731,0.6762,0.7762,1,0.12
R15,1.66667,22.0746,-0.215386,-0.30472,1.02747,-3.49801,-5.90399,0.6841,0.7841,1,0.12
R16,1.66667,14.39,5.0133,-0.803771,0.896448,-2.99352,2.87266,0.5135,0.6135,1,0.12
R17,1.66667,16.9407,-1.53354,-1.69767,-8.57629,-0.83308,-4.28862,0.6306,0.7306,1,0.12
R18,1.66667,21.7684,1.68148,-1.76304,7.20772,-0.469367,-4.53038,0.6559,0.7559,1,0.12
R19,1.66667,29.3401,-7.7261,-3.46217,-4.29325,-0.357927,1.40009,0.5,0.6,1,0.12
R20,1.66667,18.4465,-1.01558,3.44021,2.876,-11.1556,2.35241,0.6278,0.7278,1,0.12
R21,1.66667,22.0896,-4.16893,-0.256251,-4.3146,-0.269882,-0.822228,0.6041,0.7041,1,0.12
R22,1.66667,0.67913,8.32439,0.50681,-0.752022,-2.70916,3.65818,0.5,0.6,1,0.12
R23,1.66667,11.1571,2.06654,-3.80233,-1.79201,-2.97563,-2.32878,0.5,0.6,1,0.12
R24,1.66667,21.4432,4.722,0.746871,1.75839,-10.5727,-0.246551,0.5939,0.6939,1,0.12
R25,1.66667,17.0485,-1.47164,1.55941,-3.26643,4.54414,-0.700465,0.636,0.736,1,0.12
R26,1.66667,21.921,-1.5272,0.464502,5.74058,-4.66872,7.10375,0.6719,0.7719,1,0.12
R27,1.66667,20.9335,-1.04901,-0.512257,-1.40419,-3.85966,6.28179,0.7033,0.8033,1,0.12
R28,1.66667,18.2594,-1.66365,0.128276,-3.87292,1.8561,3.94348,0.6747,0.7747,1,0.12
R29,1.66667,21.6097,-4.40843,1.4415,-1.20408,-2.33578,1.01551,0.5966,0.6966,1,0.12
R30,1.66667,15.6123,-2.37042,-0.433107,2.71263,-6.52449,-3.93926,0.5936,0.6936,1,0.12
R31,1.66667,18.6895,-11.0799,-3.00316,-2.7633,-3.04519,-3.56563,0.5,0.6,1,0.12
R32,1.66667,27.827,-0.0769801,0.551172,1.45724,-0.804847,-4.37681,0.5048,0.6048,1,0.12
R33,1.66667,18.174,2.39524,6.5772,0.639152,-6.38319,-0.795337,0.5239,0.6239,1,0.12
R34,1.66667,17.4495,-1.29687,-5.792,-4.41484,1.12257,4.9692,0.5481,0.6481,1,0.12
R35,1.66667,13.528,-1.98815,-0.529783,-0.630485,-5.85373,-1.05005,0.5378,0.6378,1,0.12
R36,1.66667,27.3573,-6.76533,-13.9872,1.4464,-5.04145,1.57738,0.5,0.6,1,0.12
R37,1.66667,19.4714,1.23701,1.67142,2.67433,-0.887695,0.113697,0.683,0.783,1,0.12
R38,1.66667,17.6756,-1.77982,-0.937139,3.02211,-0.713956,-2.00809,0.6539,0.7539,1,0.12
R39,1.66667,19.351,-1.04926,-0.531607,-2.40176,1.12293,-0.596226,0.708,0.808,1,0.12
R40,1.66667,19.6788,-0.362953,-3.52508,-7.23011,-1.67596,1.84939,0.6388,0.7388,1,0.12
R41,1.66667,19.6237,1.84077,0.968989,-4.32196,-4.8861,0.932084,0.6839,0.7839,1,0.12
R42,1.66667,19.8271,-1.76131,2.68655,-2.7589,-11.305,-2.73005,0.6495,0.7495,1,0.12
R43,1.66667,24.4532,-2.73373,5.4529,5.8143,-0.855515,-0.271016,0.514,0.614,1,0.12
R44,1.66667,15.1174,-5.56632,-1.42154,-0.729859,4.28157,0.656152,0.5144,0.6144,1,0.12
R45,1.66667,21.6358,2.76408,3.17675,5.62675,-4.48067,-3.10721,0.6088,0.7088,1,0.12
R46,1.66667,20.7376,-1.01837,-1.38627,-0.387376,-5.63999,1.66357,0.6915,0.7915,1,0.12
R47,1.66667,17.2948,1.61916,0.672498,3.26205,2.63329,-3.79978,0.6493,0.7493,1,0.12
R48,1.66667,12.7862,1.82308,2.4558,1.73443,-4.53258,0.87784,0.5051,0.6051,1,0.12
R49,1.66667,8.75261,16.0018,-3.78301,0.0802553,-1.20612,0.569307,0.5,0.6,1,0.12
R50,1.66667,5.52036,12.1431,2.23192,-2.68153,0.790971,2.22324,0.5,0.6,1,0.12
R51,1.66667,22.4089,-1.78267,-0.494843,3.06491,-5.31085,-1.75976,0.6551,0.7551,1,0.12
R52,1.66667,17.2984,0.97396,1.74025,7.09477,-2.67614,1.33397,0.6451,0.7451,1,0.12
R53,1.66667,18.9088,-0.868157,-1.63898,0.517832,3.69554,-2.91812,0.6828,0.7828,1,0.12
R54,1.66667,18.0856,-0.984238,-12.5941,-0.728444,-4.38831,0.249995,0.5,0.6,1,0.12
R55,1.66667,20.4922,-3.71673,3.06596,-3.02789,1.0654,5.30092,0.5987,0.6987,1,0.12
R56,1.66667,17.1145,0.116789,-3.50868,-0.263657,2.67948,3.84111,0.608,0.708,1,0.12
R57,1.66667,21.9612,-9.08552,-0.633945,3.54115,-0.916828,-1.35068,0.5,0.6,1,0.12
R58,1.66667,18.7349,1.36744,-0.954075,4.41161,-2.85184,-4.91283,0.6846,0.7846,1,0.12
R59,1.66667,18.2554,-2.08099,-4.28431,7.51647,-7.9552,-0.846941,0.5915,0.6915,1,0.12
R60,1.66667,18.1585,1.26457,0.27394,7.9575,-2.74083,-5.28628,0.6797,0.7797,1,0.12
R61,1.66667,16.3303,-1.42659,-3.36313,-0.532443,5.888,3.6235,0.5882,0.6882,1,0.12
R62,1.66667,20.3608,-1.99681,2.89521,0.689076,-6.7147,6.88034,0.6395,0.7395,1,0.12
R63,1.66667,21.9796,-1.38764,3.96761,2.23479,-6.06654,3.83763,0.6048,0.7048,1,0.12
R64,1.66667,19.9903,-5.471,-5.68539,-4.15852,-1.63478,0.888579,0.5034,0.6034,1,0.12
R65,1.66667,30.2777,-0.349361,-15.7594,-1.95989,-1.64636,0.791972,0.5,0.6,1,0.12
R66,1.66667,13.5882,-14.6467,3.7688,-1.58073,-4.18856,2.44,0.5,0.6,1,0.12
R67,1.66667,15.6023,4.48953,-3.43594,-0.0696903,-3.89249,3.40292,0.5262,0.6262,1,0.12
R68,1.66667,12.4547,2.96696,5.69119,0.0848417,-5.20003,0.74265,0.5,0.6,1,0.12
R69,1.66667,28.1788,-0.755867,0.551732,-2.02321,-5.33973,1.30443,0.5,0.6,1,0.12
R70,1.66667,14.9501,-15.0468,0.18583,1.76794,-4.83098,-1.8203,0.5,0.6,1,0.12
R71,1.66667,17.6139,-1.44533,-3.01622,5.48487,1.00206,-0.127825,0.6216,0.7216,1,0.12
R72,1.66667,19.3303,-0.818964,-3.87617,3.43034,6.56659,-6.12594,0.6244,0.7244,1,0.12
R73,1.66667,11.5209,4.75446,-1.61663,-4.48327,-0.227446,4.15276,0.5,0.6,1,0.12
R74,1.66667,23.8812,-0.606526,3.21328,-2.91342,-5.35081,-6.19958,0.5914,0.6914,1,0.12
R75,1.66667,20.564,-3.08795,3.39421,1.88182,-0.792965,-1.44785,0.6055,0.7055,1,0.12
R76,1.66667,17.8043,-2.20219,1.15124,-3.15146,0.273228,-0.457968,0.6464,0.7464,1,0.12
R77,1.66667,20.8352,8.67718,-1.99415,0.0422383,-6.11904,2.74698,0.5,0.6,1,0.12
R78,1.66667,20.0782,1.80308,1.05612,8.15532,-4.29282,0.865772,0.6847,0.7847,1,0.12
R79,1.66667,13.7503,-0.73461,-2.34983,-4.79272,-2.32394,3.09866,0.5401,0.6401,1,0.12
R80,1.66667,23.0184,-2.88061,-4.88848,5.87989,-1.82091,-1.38715,0.5492,0.6492,1,0.12
R81,1.66667,17.4032,0.226816,-0.986138,2.3531,1.89534,0.60876,0.6629,0.7629,1,0.12
R82,1.66667,18.1881,-0.210531,0.435154,8.60745,-6.8454,-2.33998,0.6914,0.7914,1,0.12
R83,1.66667,19.9224,-0.0410101,-0.296592,5.05783,-6.78494,1.41428,0.7403,0.8403,1,0.12
R84,1.66667,19.2159,4.34471,-3.8729,-0.0316891,-10.5219,-1.0167,0.5665,0.6665,1,0.12
R85,1.66667,21.135,-0.559966,-0.177073,-11.0259,-4.79742,-4.61487,0.7101,0.8101,1,0.12
R86,1.66667,16.3164,1.36061,-7.24165,0.317725,-0.913401,1.2139,0.5,0.6,1,0.12
R87,1.66667,20.9375,5.61594,2.85648,3.05388,2.53473,-1.20093,0.5509,0.6509,1,0.12
R88,1.66667,16.8311,2.01886,1.11348,-0.727993,-5.18464,-0.0639854,0.6275,0.7275,1,0.12
R89,1.66667,19.6926,-9.4848,-3.18341,2.04251,0.022186,5.98316,0.5,0.6,1,0.12
R90,1.66667,22.1923,7.48194,-1.37354,2.13229,-2.45288,-1.22008,0.5026,0.6026,1,0.12
R91,1.66667,13.466,0.768945,-1.38613,3.8815,-0.639286,1.29445,0.5399,0.6399,1,0.12
R92,1.66667,21.4236,3.12953,1.55917,-0.821138,0.858652,-4.8774,0.632,0.732,1,0.12
R93,1.66667,22.7584,4.24892,4.85439,1.08932,-4.77996,1.10297,0.5307,0.6307,1,0.12
R94,1.66667,15.8379,0.506582,-1.03158,1.74482,-6.57245,-1.45373,0.6151,0.7151,1,0.12
R95,1.66667,25.8184,-0.276258,3.68029,-8.4477,-4.19024,-1.40524,0.5347,0.6347,1,0.12
R96,1.66667,23.7666,3.22232,-7.13563,-2.20783,-4.0657,0.331937,0.5,0.6,1,0.12
R97,1.66667,31.7873,-2.8895,-3.29206,3.98979,1.20921,0.429007,0.5,0.6,1,0.12
R98,1.66667,21.0797,4.90454,5.35551,3.83188,-1.76938,6.59542,0.5206,0.6206,1,0.12
R99,1.66667,18.0608,-3.90985,0.625081,-2.71862,1.50651,-1.01662,0.6122,0.7122,1,0.12
R100,1.66667,20.0312,4.69237,1.19511,-5.47347,-1.98148,3.86504,0.5987,0.6987,1,0.12
R101,1.66667,23.1479,-1.58308,-0.382424,-0.974837,-1.34739,6.32789,0.6392,0.7392,1,0.12
R102,1.66667,22.0877,-3.21951,5.41246,-3.84448,-7.10956,0.858859,0.5427,0.6427,1,0.12
R103,1.66667,21.5816,-0.763434,1.96811,-3.28303,1.0267,-5.03501,0.6676,0.7676,1,0.12
R104,1.66667,19.9273,-7.82073,-7.59912,0.477243,-7.79694,-0.791377,0.5,0.6,1,0.12
R105,1.66667,19.7509,-3.09893,6.29393,-1.30244,-2.41014,3.02611,0.5306,0.6306,1,0.12
R106,1.66667,6.40349,-7.78947,0.622286,0.751793,-2.94557,5.03123,0.5,0.6,1,0.12
R107,1.66667,5.20826,0.460318,-4.459,1.7992,-4.25752,-0.0800211,0.5,0.6,1,0.12
R108,1.66667,18.0281,-0.0404948,-0.918884,0.416001,-1.41078,1.16882,0.682,0.782,1,0.12
R109,1.66667,19.9681,-4.42796,-4.40478,4.23527,-4.84132,-3.34543,0.5548,0.6548,1,0.12
R110,1.66667,15.9088,-12.1113,-4.21765,-0.947119,-2.18481,-3.16255,0.5,0.6,1,0.12
R111,1.66667,34.427,-1.89193,8.94049,-1.37266,0.469078,3.0759,0.5,0.6,1,0.12
R112,1.66667,25.1782,0.181123,3.28644,-3.98579,-0.414406,2.51115,0.5583,0.6583,1,0.12
R113,1.66667,20.1878,-1.04544,-2.01234,5.08194,-4.43454,-4.6901,0.6789,0.7789,1,0.12
R114,1.66667,20.7096,3.21062,-2.12006,0.252444,-7.22036,-8.19689,0.6277,0.7277,1,0.12
R115,1.66667,15.5548,8.27955,11.0683,4.06147,-3.39069,-0.438062,0.5,0.6,1,0.12
R116,1.66667,18.5938,-3.51149,0.438663,-2.29438,0.0398853,-2.94166,0.631,0.731,1,0.12
R117,1.66667,19.5139,-2.75631,-5.59464,4.22307,-5.08126,5.56906,0.5545,0.6545,1,0.12
R118,1.66667,25.971,-2.44039,0.01708,-6.298,0.0466813,0.720296,0.5484,0.6484,1,0.12
R119,1.66667,15.4682,0.767357,-1.85161,2.71684,-2.09645,3.76789,0.5951,0.6951,1,0.12
R120,1.66667,12.9555,4.61749,-3.3541,3.62577,-2.47648,-1.98416,0.5,0.6,1,0.12
R121,1.66667,20.599,-2.2942,2.61711,-5.32966,-5.18058,-0.255395,0.6396,0.7396,1,0.12
R122,1.66667,21.2643,3.71623,1.90306,-0.587086,-3.58883,-0.436341,0.6137,0.7137,1,0.12
R123,1.66667,20.3305,-4.16397,-1.90029,0.230019,-5.43611,0.962404,0.6066,0.7066,1,0.12
R124,1.66667,17.6603,-0.623085,2.28399,4.23963,1.4118,-1.12545,0.646,0.746,1,0.12
R125,1.66667,20.2135,3.05454,4.94471,-3.28231,-2.84743,2.14701,0.5682,0.6682,1,0.12
R126,1.66667,8.9653,-8.57428,-1.97969,0.660067,-2.06478,2.09745,0.5,0.6,1,0.12
R127,1.66667,20.0725,-1.12409,1.99606,1.39039,-7.68783,3.98011,0.6784,0.7784,1,0.12
R128,1.66667,21.9895,4.72229,-0.448306,-2.57137,0.768831,-3.15767,0.5893,0.6893,1,0.12
R129,1.66667,6.31828,-3.31257,2.88017,-2.2699,1.68461,-1.59708,0.5,0.6,1,0.12
R130,1.66667,23.2389,1.28524,2.39403,4.90654,-6.18515,-4.7117,0.6179,0.7179,1,0.12
R131,1.66667,14.854,-5.72938,-6.13601,0.0793871,-2.37937,-2.06252,0.5,0.6,1,0.12
R132,1.66667,20.0782,-3.75192,-1.72366,3.4451,-2.82126,-3.76077,0.6209,0.7209,1,0.12
R133,1.66667,20.2616,-2.51897,-0.731135,-0.151156,-0.984746,-5.83723,0.6676,0.7676,1,0.12
R134,1.66667,21.0589,0.900276,2.66423,1.96292,-7.20752,7.51772,0.6561,0.7561,1,0.12
R135,1.66667,26.9176,-8.00186,-1.00079,2.72782,-1.52259,2.06621,0.5,0.6,1,0.12
R136,1.66667,15.9618,0.922285,-0.125338,0.573987,-7.88049,5.15302,0.6205,0.7205,1,0.12
R137,1.66667,25.37,-0.737004,-0.27935,-2.66869,-4.29201,-2.28239,0.5804,0.6804,1,0.12
R138,1.66667,18.1839,-1.41465,-0.251623,-3.29689,-4.98066,-3.66268,0.6776,0.7776,1,0.12
R139,1.66667,16.9202,1.10403,6.04353,-0.974584,-0.86718,-0.919598,0.5352,0.6352,1,0.12
R140,1.66667,2.73562,-2.65225,2.27862,-1.45852,-4.18533,1.46115,0.5,0.6,1,0.12
R141,1.66667,23.4,-8.29798,-3.42438,-0.246921,-1.96564,1.90461,0.5,0.6,1,0.12
R142,1.66667,16.7489,-2.34627,-1.1176,-5.9089,1.32647,-6.16472,0.6199,0.7199,1,0.12
R143,1.66667,26.7095,-2.02479,-3.98171,-4.92224,-5.94477,-0.227202,0.5,0.6,1,0.12
R144,1.66667,6.35435,-11.5634,-12.5521,-1.07916,-3.79234,1.19418,0.5,0.6,1,0.12
R145,1.66667,22.4509,3.41267,-0.678551,4.2985,-3.05723,2.12815,0.617,0.717,1,0.12
R146,1.66667,23.3854,6.22174,-0.992259,-0.950075,-1.55522,4.71675,0.5265,0.6265,1,0.12
R147,1.66667,17.1078,1.37416,0.120047,-6.41597,-3.53147,-4.28326,0.6499,0.7499,1,0.12
R148,1.66667,18.4847,9.37196,8.09648,3.02634,1.435,1.07849,0.5,0.6,1,0.12
R149,1.66667,17.9693,4.49561,-1.36122,0.669974,-0.460116,-1.54575,0.5901,0.6901,1,0.12
R150,1.66667,18.7454,-6.2551,2.46846,-1.05245,-1.79556,-1.8571,0.5362,0.6362,1,0.12
R151,1.66667,16.7532,-15.2453,-10.8412,1.61927,-5.61322,-0.740085,0.5,0.6,1,0.12
R152,1.66667,17.8205,-2.095,3.26405,-0.330214,-3.85125,-3.24206,0.611,0.711,1,0.12
R153,1.66667,19.3226,-2.82711,-1.82102,-2.37837,-4.93991,-3.82426,0.6428,0.7428,1,0.12
R154,1.66667,6.552,6.66272,-16.2796,-1.79819,-0.358341,1.72749,0.5,0.6,1,0.12
R155,1.66667,17.1338,0.580552,1.05825,-1.985,-5.46061,0.0498484,0.6528,0.7528,1,0.12
R156,1.66667,20.0013,0.337068,-0.337064,0.284556,-7.16832,5.34646,0.7351,0.8351,1,0.12
R157,1.66667,12.4779,4.22741,-5.52584,1.93736,3.23347,-3.59172,0.5,0.6,1,0.12
R158,1.66667,16.5939,-1.32163,2.72205,-1.07074,-5.12682,2.59015,0.6076,0.7076,1,0.12
R159,1.66667,17.095,2.74392,-3.89024,3.45231,-3.85881,-4.87449,0.5757,0.6757,1,0.12
R160,1.66667,13.1533,2.47488,4.30198,0.801918,-2.9561,3.55393,0.5,0.6,1,0.12
R161,1.66667,19.7887,1.37044,0.216462,-1.09962,-5.90169,-2.43454,0.7061,0.8061,1,0.12
R162,1.66667,21.4119,1.27844,-5.50922,-5.71454,-5.21847,-1.56896,0.5678,0.6678,1,0.12
R163,1.66667,20.9502,-0.0896606,-0.344406,-1.35404,3.5695,7.69354,0.7183,0.8183,1,0.12
R164,1.66667,18.4011,-4.94705,1.81437,-1.5426,-2.50302,-1.91732,0.5779,0.6779,1,0.12
R165,1.66667,23.4703,0.397098,-3.34776,4.74669,0.492547,-0.548221,0.5988,0.6988,1,0.12
R166,1.66667,17.0781,-0.928925,2.39712,4.97114,-3.43045,2.06859,0.6284,0.7284,1,0.12
R167,1.66667,17.0048,1.70385,2.93148,3.23062,2.07287,-3.25954,0.6086,0.7086,1,0.12
R168,1.66667,18.034,0.751684,-4.82968,-1.80277,1.89787,-1.59509,0.5854,0.6854,1,0.12
R169,1.66667,22.1799,0.312921,2.17919,1.25153,-6.43632,3.60608,0.6532,0.7532,1,0.12
R170,1.66667,18.4811,-3.7549,-0.0404574,-6.10107,0.66399,4.41554,0.6234,0.7234,1,0.12
R171,1.66667,21.766,2.74648,2.79684,-8.11723,-0.833984,-6.44513,0.6156,0.7156,1,0.12
R172,1.66667,25.6385,4.04273,0.346926,0.344941,-1.9957,5.51414,0.5329,0.6329,1,0.12
R173,1.66667,21.6718,11.1596,-2.65951,-4.34849,-4.38302,2.56516,0.5,0.6,1,0.12
R174,1.66667,19.4333,0.812648,1.03325,3.90512,-1.08093,-5.88654,0.7053,0.8053,1,0.12
R175,1.66667,20.029,-1.17999,2.22041,6.38725,1.90097,2.02562,0.6714,0.7714,1,0.12
R176,1.66667,19.8713,4.57921,3.43013,0.951591,2.08198,-2.69114,0.5712,0.6712,1,0.12
R177,1.66667,16.6921,-1.38726,0.0719702,6.4926,2.29719,-0.562131,0.6379,0.7379,1,0.12
R178,1.66667,19.1531,1.12003,3.27929,-2.43393,-6.82142,2.0671,0.6385,0.7385,1,0.12
R179,1.66667,21.457,-0.155119,2.53126,7.43947,-2.83022,5.70152,0.6586,0.7586,1,0.12
R180,1.66667,26.813,3.99875,-7.38488,1.90822,-1.74988,5.38845,0.5,0.6,1,0.12
R181,1.66667,22.4994,0.398892,-3.67947,7.20133,-2.77906,1.66535,0.6104,0.7104,1,0.12
R182,1.66667,18.1546,2.90766,3.60723,-1.35253,-5.32051,1.00134,0.5942,0.6942,1,0.12
R183,1.66667,14.9307,-5.30481,-16.6958,-0.173757,-4.41085,3.20234,0.5,0.6,1,0.12
R184,1.66667,20.418,-3.80806,4.545,-4.35538,-0.234861,-0.311956,0.5642,0.6642,1,0.12
R185,1.66667,11.7372,3.34938,-4.56495,0.457906,-3.62691,0.723818,0.5,0.6,1,0.12
R186,1.66667,9.93018,-4.07739,3.25212,3.93729,-4.19784,0.127304,0.5,0.6,1,0.12
R187,1.66667,12.841,3.77294,4.96532,-0.267139,2.06975,-0.878872,0.5,0.6,1,0.12
R188,1.66667,28.162,-3.28328,1.94889,-0.649979,0.865637,1.88552,0.5,0.6,1,0.12
R189,1.66667,22.9816,1.9413,3.17645,5.60593,-1.76421,0.466589,0.601,0.701,1,0.12
R190,1.66667,19.3354,4.18901,5.86901,1.53941,-3.79334,5.91477,0.5237,0.6237,1,0.12
R191,1.66667,22.5773,-2.23204,0.740358,8.63166,-4.33151,-6.13888,0.641,0.741,1,0.12
R192,1.66667,19.2585,5.31108,-3.83433,-4.13836,-6.00302,1.9511,0.544,0.644,1,0.12
R193,1.66667,21.921,2.58716,-1.8704,0.0907605,-1.18717,1.33145,0.6336,0.7336,1,0.12
R194,1.66667,24.9381,3.30825,-1.71341,-1.60727,-5.91136,1.17244,0.5567,0.6567,1,0.12
R195,1.66667,21.9379,1.22077,-0.259462,3.09377,3.24146,-9.09784,0.678,0.778,1,0.12
R196,1.66667,25.2264,2.54617,8.58153,1.63459,-3.10447,-6.57272,0.5,0.6,1,0.12
R197,1.66667,30.8957,1.78737,13.6284,-0.533011,0.171904,-3.1243,0.5,0.6,1,0.12
R198,1.66667,22.7498,3.24306,0.0670777,2.89587,-7.67552,0.606827,0.6171,0.7171,1,0.12
R199,1.66667,14.7033,2.94197,0.767974,0.992913,-4.5351,-0.348501,0.5591,0.6591,1,0.12
R200,1.66667,19.891,-0.352804,-2.10769,6.55381,-1.86497,-3.39621,0.6831,0.7831,1,0.12
R201,1.66667,18.8701,0.575294,0.727228,6.59765,-5.59512,-6.1026,0.7043,0.8043,1,0.12
R202,1.66667,21.2769,-1.88781,0.311954,9.98799,-8.90355,-0.493217,0.6781,0.7781,1,0.12
R203,1.66667,18.3599,4.11309,0.474937,-3.8071,3.11225,5.88223,0.6108,0.7108,1,0.12
R204,1.66667,20.5529,1.98328,-7.14873,0.960429,-0.190689,1.43539,0.5175,0.6175,1,0.12
R205,1.66667,21.8863,1.90303,0.0112654,-0.416428,-3.58713,-1.53508,0.6663,0.7663,1,0.12
R206,1.66667,20.565,1.05771,1.50704,-0.122305,4.584,8.39434,0.6898,0.7898,1,0.12
R207,1.66667,21.216,1.58661,-2.19363,-0.457581,-6.53454,0.624611,0.6573,0.7573,1,0.12
R208,1.66667,20.8908,-1.08093,-1.34572,-4.8869,-5.7808,-2.59816,0.6893,0.7893,1,0.12
R209,1.66667,17.9971,0.522326,-2.302,1.7968,-2.59378,5.93101,0.6533,0.7533,1,0.12
R210,1.66667,20.8349,4.80131,1.68948,-1.52952,-3.13518,-5.92631,0.5888,0.6888,1,0.12
R211,1.66667,20.3904,-2.2486,-4.06156,-2.92092,0.206145,0.689453,0.6044,0.7044,1,0.12
R212,1.66667,17.8736,2.39819,2.04393,-0.892205,-7.68654,-5.56437,0.6312,0.7312,1,0.12
R213,1.66667,18.6506,0.579818,-0.916483,1.06207,-3.55166,0.266621,0.6959,0.7959,1,0.12
R214,1.66667,20.7807,1.64267,0.846779,-4.14752,-7.44483,-5.64784,0.6873,0.7873,1,0.12
R215,1.66667,29.3825,1.21245,-6.3447,0.4219,-7.01452,1.07756,0.5,0.6,1,0.12
R216,1.66667,27.4176,15.206,-10.5977,-1.09311,-4.04427,2.46745,0.5,0.6,1,0.12
R217,1.66667,16.6686,-1.95302,-2.97106,-5.52387,-2.65338,2.63286,0.5977,0.6977,1,0.12
R218,1.66667,20.1025,-0.0599024,0.0121064,5.47225,-6.78906,-0.545197,0.7463,0.8463,1,0.12
R219,1.66667,22.2903,1.1225,0.915401,4.13385,-0.764034,-5.52599,0.6653,0.7653,1,0.12
R220,1.66667,17.575,-0.953511,-4.89829,-1.46471,-5.53232,-0.781955,0.5766,0.6766,1,0.12
R221,1.66667,20.0964,0.920638,-0.791755,-1.9972,-4.98856,-4.48111,0.7119,0.8119,1,0.12
R222,1.66667,20.3785,4.80079,2.96286,-3.0067,0.285497,-0.203511,0.5733,0.6733,1,0.12
R223,1.66667,20.472,2.35864,-1.02864,1.99729,-1.23884,-8.53115,0.6682,0.7682,1,0.12
R224,1.66667,22.1481,-1.83253,1.91319,2.42666,-3.00717,4.63491,0.6434,0.7434,1,0.12
R225,1.66667,21.8037,-1.73691,-1.41178,-0.355624,-4.88682,-7.30364,0.6602,0.7602,1,0.12
R226,1.66667,19.988,3.40291,-4.26679,0.843258,1.09496,1.07128,0.5794,0.6794,1,0.12
R227,1.66667,17.8571,-1.10845,-0.962992,-1.6947,-2.53108,0.313666,0.6688,0.7688,1,0.12
R228,1.66667,29.2222,-8.02868,3.10916,0.958244,-3.4926,3.00619,0.5,0.6,1,0.12
R229,1.66667,21.7865,-2.46921,0.87977,0.774231,-3.6701,5.8369,0.6509,0.7509,1,0.12
R230,1.66667,20.6498,1.65128,2.29049,-0.189948,2.81019,-1.11123,0.6595,0.7595,1,0.12
R231,1.66667,24.0267,4.19563,2.45729,-3.54726,-4.46135,-2.71049,0.5527,0.6527,1,0.12
R232,1.66667,22.4997,7.46916,1.98246,1.78942,2.8993,-2.53555,0.5,0.6,1,0.12
R233,1.66667,13.9972,-8.67199,-0.589901,-1.78558,-4.12866,-4.11145,0.5,0.6,1,0.12
R234,1.66667,27.0205,4.97296,6.70959,1.62524,3.49827,-1.71931,0.5,0.6,1,0.12
R235,1.66667,13.8006,-1.89084,-3.20896,-4.46583,-1.82406,-1.17854,0.524,0.624,1,0.12
R236,1.66667,22.6484,-1.53871,-2.15744,-4.39919,-1.20022,-4.2186,0.6329,0.7329,1,0.12
R237,1.66667,18.5051,-0.623035,-0.139969,-4.50875,-3.02862,-3.32596,0.6992,0.7992,1,0.12
R238,1.66667,20.6275,3.2986,4.30037,-5.32014,-3.76488,-7.08164,0.5795,0.6795,1,0.12
R239,1.66667,28.5158,4.01825,-4.51058,-1.08589,-7.08902,-4.791,0.5,0.6,1,0.12
R240,1.66667,22.1378,0.927228,1.00392,6.76124,3.04781,-0.863841,0.6707,0.7707,1,0.12
R241,1.66667,20.4952,2.89338,-0.174809,5.78713,3.89622,0.264955,0.6581,0.7581,1,0.12
R242,1.66667,20.6047,5.28729,2.99275,-1.66972,1.3297,1.51403,0.5592,0.6592,1,0.12
R243,1.66667,23.0668,1.33314,-8.73109,-0.19269,-5.29167,0.80636,0.5,0.6,1,0.12
R244,1.66667,24.0901,-3.73998,0.854352,-7.10033,-3.66937,-1.18945,0.5748,0.6748,1,0.12
R245,1.66667,15.0219,2.91542,0.889398,-6.18582,-4.9468,-0.906686,0.5676,0.6676,1,0.12
R246,1.66667,21.0885,-1.70093,0.389798,-2.48921,-0.879291,-4.09038,0.6857,0.7857,1,0.12
R247,1.66667,22.6301,5.59097,-1.12273,-4.02822,-2.20138,0.799674,0.5538,0.6538,1,0.12
R248,1.66667,18.7456,-0.487001,0.885119,-3.82454,-9.2718,-0.759783,0.6997,0.7997,1,0.12
R249,1.66667,5.63089,-4.89513,-5.93865,-0.677354,-1.76601,2.76263,0.5,0.6,1,0.12
R250,1.66667,20.1036,-1.74168,-0.896148,-5.79125,-2.97322,5.70377,0.6887,0.7887,1,0.12
R251,1.66667,33.1792,-4.49027,4.63867,0.0674251,-2.41466,-2.81628,0.5,0.6,1,0.12
R252,1.66667,17.1461,-0.353109,-1.56868,6.20476,-0.663003,-4.71058,0.6476,0.7476,1,0.12
R253,1.66667,20.7161,5.08685,-3.89322,-3.65688,4.03587,4.00854,0.5486,0.6486,1,0.12
R254,1.66667,20.268,-4.14837,-2.37049,-5.86409,-4.08386,-2.66064,0.6005,0.7005,1,0.12
R255,1.66667,26.5247,-10.2753,5.03121,-1.77882,-0.0566582,-2.99179,0.5,0.6,1,0.12
R256,1.66667,28.1572,-5.2117,-2.11258,4.25429,-3.62911,2.74433,0.5,0.6,1,0.12
R257,1.66667,18.1605,3.38103,-1.61032,2.5485,-8.81447,7.20682,0.6196,0.7196,1,0.12
R258,1.66667,16.7597,-1.11075,4.81825,1.1171e-05,-0.308802,3.23915,0.5653,0.6653,1,0.12
R259,1.66667,21.6957,1.95909,-3.81361,-5.60213,-0.989724,3.59417,0.6059,0.7059,1,0.12
R260,1.66667,20.277,0.717304,-2.46674,-2.31812,1.12429,-0.236786,0.6693,0.7693,1,0.12
R261,1.66667,20.3516,-2.95354,-0.655657,4.22959,-0.095609,3.2847,0.6548,0.7548,1,0.12
R262,1.66667,16.7126,4.84515,-5.22028,-5.74302,-3.6312,0.0129909,0.5049,0.6049,1,0.12
R263,1.66667,21.372,-6.17638,0.39999,1.62934,-0.291849,8.25928,0.5519,0.6519,1,0.12
R264,1.66667,3.40336,9.63554,-7.27644,-1.54102,-3.31587,-0.113599,0.5,0.6,1,0.12
R265,1.66667,23.8089,-3.27231,-2.29393,4.12524,-1.86286,-1.16938,0.5775,0.6775,1,0.12
R266,1.66667,21.5344,-1.65609,2.17535,-5.2251,3.76434,6.75933,0.652,0.752,1,0.12
R267,1.66667,19.0011,1.43515,-0.61068,-3.65234,0.385579,3.91374,0.6921,0.7921,1,0.12
R268,1.66667,12.7639,-0.423733,-2.38342,-3.7243,-7.50213,-3.43958,0.5116,0.6116,1,0.12
R269,1.66667,25.397,0.543628,-3.89963,-1.14389,-3.58588,2.19012,0.5412,0.6412,1,0.12
R270,1.66667,19.3321,1.56691,2.78253,-6.2763,-0.652985,-3.05408,0.648,0.748,1,0.12
R271,1.66667,19.2737,-0.940936,1.17322,3.36886,-4.10395,-1.90693,0.6978,0.7978,1,0.12
R272,1.66667,20.8847,0.656601,4.80106,-4.42012,-2.38719,1.08371,0.5961,0.6961,1,0.12
R273,1.66667,19.5034,0.507845,1.00479,-1.15828,3.34625,5.78708,0.7115,0.8115,1,0.12
R274,1.66667,22.2562,3.90287,5.6052,-6.7061,-0.502135,-0.578268,0.5252,0.6252,1,0.12
R275,1.66667,21.2785,-0.96029,1.92844,4.96869,-9.75467,0.846094,0.6717,0.7717,1,0.12
R276,1.66667,21.135,-1.07592,-2.26566,-4.1897,-4.48052,-5.81072,0.664,0.764,1,0.12
R277,1.66667,19.7561,-2.4766,-0.480927,-4.84259,-2.79569,-6.62302,0.6708,0.7708,1,0.12
R278,1.66667,18.2337,-3.19884,1.0674,-5.25817,-3.46576,7.01427,0.631,0.731,1,0.12
R279,1.66667,23.1239,-1.19115,-2.17519,4.0129,0.543263,4.30102,0.6254,0.7254,1,0.12
R280,1.66667,24.8499,-0.18585,-2.11477,1.38975,-5.17736,-4.96402,0.5846,0.6846,1,0.12
R281,1.66667,10.3435,12.6585,15.3041,1.96342,-1.69321,-1.65834,0.5,0.6,1,0.12
R282,1.66667,20.7362,4.43215,0.460967,-0.170689,-3.30389,-3.73279,0.6089,0.7089,1,0.12
R283,1.66667,14.5776,-9.74807,0.991751,1.24444,-3.69169,-3.69459,0.5,0.6,1,0.12
R284,1.66667,28.006,1.1518,-0.239034,0.176003,-3.33469,-1.5252,0.5,0.6,1,0.12
R285,1.66667,7.35123,6.04075,-16.2184,-0.379818,1.84244,-0.608301,0.5,0.6,1,0.12
R286,1.66667,18.014,3.83418,3.44555,-0.17595,-1.89196,-7.20519,0.5774,0.6774,1,0.12
R287,1.66667,16.0403,5.90128,5.1845,5.68069,-1.56135,-3.73486,0.5,0.6,1,0.12
R288,1.66667,21.4478,-0.734379,1.44191,-2.3415,-2.33376,0.911948,0.6821,0.7821,1,0.12
R289,1.66667,14.4405,2.55662,-0.781878,3.38082,-8.73387,-0.775093,0.5572,0.6572,1,0.12
R290,1.66667,23.054,-0.154497,-2.58101,-4.707,-4.29507,-1.58494,0.625,0.725,1,0.12
R291,1.66667,18.0962,1.2866,-2.44608,-1.49507,6.1924,3.57492,0.6451,0.7451,1,0.12
R292,1.66667,21.0654,0.146423,1.22612,1.58293,3.01451,7.20529,0.699,0.799,1,0.12
R293,1.66667,20.7092,-5.3645,-0.334218,-9.01818,-0.640752,5.31028,0.5806,0.6806,1,0.12
R294,1.66667,19.6969,1.48677,1.65779,0.312674,-0.21189,0.0292824,0.6798,0.7798,1,0.12
R295,1.66667,18.4057,-2.75057,1.2938,-5.74116,-4.17863,1.62469,0.6427,0.7427,1,0.12
R296,1.66667,22.8492,-6.0895,-2.66396,-1.74507,1.65805,-0.245885,0.524,0.624,1,0.12
R297,1.66667,21.8268,5.80031,-0.962519,2.83627,-2.31409,-3.20868,0.5576,0.6576,1,0.12
R298,1.66667,20.4183,3.27082,-1.34063,4.24828,5.33504,-0.31463,0.6388,0.7388,1,0.12
R299,1.66667,19.6001,0.9334,1.04995,2.39807,-3.97821,4.30033,0.7044,0.8044,1,0.12
