# A dominant central star with eight planets on near-circular, near-coplanar orbits.
#
# format: name,mass,px,py,pz,vx,vy,vz,r,g,b[,radius]
@G=1.0
@softening=0.02
@dt=0.003
@timescale=1.5
@zeroMomentum=1
star,1000,0,0,0,0,0,0,1,0.92,0.6,1.4
rocky,0.005,0.670113,3.94347,0.0945885,-15.5879,2.64885,0,0.8,0.6,0.4,0.4
rocky2,0.005,-2.6667,-5.37482,0.156872,11.5648,-5.73783,0,0.7,0.7,0.6,0.4
earth,0.005,7.26306,4.41566,-0.0312313,-5.63465,9.26811,0,0.4,0.7,1,0.4
mars,0.005,10.8078,2.04743,-0.112545,-1.77468,9.36801,0,0.9,0.5,0.35,0.4
gas1,0.005,-15.9909,-0.538271,-0.189386,0.265963,-7.90122,0,0.85,0.7,0.5,0.4
gas2,0.005,6.951,20.873,0.0599538,-6.39664,2.13016,0,0.8,0.75,0.6,0.4
ice1,0.005,-27.8515,-8.0805,-0.111824,1.63622,-5.63964,0,0.6,0.8,0.95,0.4
ice2,0.005,-30.4845,-19.1493,0.123772,2.80349,-4.46298,0,0.5,0.7,0.95,0.4
